event_date,primary,event_type,description,reaction_start,car_1h,car_2h,car_3h,car_4h,car_1d,car_2d,car_5d,volume_ratio,passed_materiality
2021-01-26,LMT,Earnings,Q4 2020: $6.38 EPS vs $6.14 est. F-35 deliveries 120 jets (COVID impact),2021-01-26 09:30:00,-0.02777999316661765,-0.02727700473188341,-0.017548884426908627,-0.029171929775294154,-0.025502651446009328,0.005835521419845762,-0.027578221167572328,7.312373945937681,True
2021-01-26,RTX,Earnings,Q4 2020: $0.74 EPS vs $0.70 est. Defense stable. Commercial recovering slowly,2021-01-26 09:30:00,0.037017309026009526,0.03108252947481247,0.031017115033003063,0.030624463488091173,0.025364585606688906,0.024934891097175976,0.039282613861770246,7.338350306456053,True
2021-01-27,NOC,Earnings,Q4 2020: $6.59 EPS vs $5.91 est. Beat. Space + B-21 strong,2021-01-27 09:30:00,0.013447727111501943,0.012682215469263914,0.010973616934875516,0.011640511549676682,0.026539175657597693,0.014591958522967234,0.014069904226239794,3.9351384223604255,True
2021-01-27,GD,Earnings,Q4 2020: $3.49 EPS vs $3.22 est. Marine + combat solid,2021-01-27 09:30:00,0.05481316153986885,0.050391316106337694,0.05319002309257417,0.0463564368330096,0.04209476777689976,0.015566543447552638,-0.012100931861095614,7.908134890334024,True
2021-01-29,CVX,Earnings,Q4 2020: $0.01 EPS — barely profitable. Revenue recovering. Permian resilient,2021-01-29 09:30:00,-0.016078579796785147,-0.012603827026114699,-0.012447199085327314,-0.011052426373805754,-0.009549118948128495,-0.0019297026920427757,-0.03661708759256164,5.30401135835698,True
2021-02-02,XOM,Earnings,Q4 2020: $0.03 EPS vs loss est. Barely profitable. Cut capex to $16-19B,2021-02-02 09:30:00,0.0014769888963078875,0.011548559262781422,0.008179783591535261,0.004646700141859281,0.004847467553343495,0.0011266122160848158,0.040359695328535825,5.118103064896065,True
2021-02-04,COP,Earnings,Q4 2020: $0.34 EPS vs loss est. Beat. Concho acquisition integrating well,2021-02-04 09:30:00,-0.0028870037702374805,0.00440535595475716,-0.0031941672211133853,-1.7742293191442757e-05,0.007979596362829883,0.009079064094034195,0.023554280328232355,3.6073250805079136,True
2021-02-25,OXY,Earnings,Q4 2020: Loss $0.78/sh. Debt still $36B. Recovery starting slowly,2021-02-25 09:30:00,-0.014848387472677239,-0.014507403183033287,-0.024488299333660507,-0.030765495834937054,-0.029298807510178645,-0.011764581251390453,0.02821401961234371,2.296990884039231,True
2021-04-20,LMT,Earnings,Q1 2021: $6.56 EPS vs $6.29 est. Revenue $16.3B. Missiles strong,2021-04-20 09:30:00,0.007645767889673824,0.01283078562285693,0.007641009275772295,0.011435167477021625,0.008732510737284373,-0.004672378408427146,-0.05702589126381903,0.5250458952840307,True
2021-04-27,RTX,Earnings,Q1 2021: $1.11 EPS vs $0.91 est. Beat. Collins Aerospace recovering,2021-04-27 09:30:00,0.019835049240597508,0.021582816697303844,0.019309455080040835,0.014736463437079964,0.017417931172664852,0.02567901234567899,0.029863205030532122,1.3235368740857798,True
2021-04-28,GD,Earnings,Q1 2021: $2.48 EPS vs $2.34 est. Gulfstream orders recovering,2021-04-28 09:30:00,0.01884193370662378,0.02164853336795212,0.017138021488112797,0.010278566664830579,0.0016293879559011837,0.02380940207685255,0.03484110231530187,0.5792445862144807,True
2021-04-29,NOC,Earnings,Q1 2021: $6.57 EPS vs $5.77 est. Big beat. Raised full-year guide,2021-04-29 09:30:00,0.028230082983994632,0.03485152358782685,0.041186062173104575,0.037773238078666255,0.032772805032494065,0.0426136908353906,0.10791917800988239,0.7998955870461124,True
2021-04-30,XOM,Earnings,Q1 2021: $0.65 EPS vs $0.59 est. Beat. Revenue +5% QoQ. Refining recovering,2021-04-30 09:30:00,-0.00046540446600810796,0.00010779761045516187,0.00033464127767350235,-0.0017726145326176432,-0.001696171966247044,-0.003642153177592403,0.005016338368262832,0.6205889744236887,False
2021-04-30,CVX,Earnings,Q1 2021: $0.90 EPS vs $0.46 est. Strong beat. Upstream surging on higher oil,2021-04-30 09:30:00,-0.011579543466110816,-0.009933393777276419,-0.010634919814563236,-0.011821583803582864,-0.009377240345150719,-0.014498018713503893,-0.019883382074876315,0.8196539744335122,False
2021-05-06,COP,Earnings,Q1 2021: $1.05 EPS vs $0.61 est. Massive beat. Permian +30% from Concho,2021-05-06 09:30:00,-0.01433672333022214,-0.011260475406897685,-0.008306365421274815,-0.0029720069811390486,-0.0002606057958040916,0.006292210828196653,0.0026113216790650583,0.5853134330981116,True
2021-05-10,OXY,Earnings,Q1 2021: $0.15 EPS — first profit in 5 quarters. Permian recovering,2021-05-10 09:30:00,-0.01956636169349099,-0.02854957302734625,-0.023948702035116686,-0.023441252938552537,-0.028469856720791536,-0.0790604934352339,-0.08098996000948648,0.4819365680127634,True
2021-05-26,XOM,Corporate,Engine No. 1 wins 3 board seats in proxy fight — activist ESG victory,2021-05-26 09:30:00,-0.0003457116367311092,-0.002778953220635271,-0.005478345680557758,-0.001095304441030941,0.003064237278339205,-0.004901555121714674,-0.02362388916490577,0.31182342859548,False
2021-07-26,LMT,Earnings,Q2 2021: $6.52 EPS vs $6.53 est. In-line. F-35 production rate steady,2021-07-26 09:30:00,-0.03386948528734839,-0.03133683189976124,-0.036309213220015756,-0.03721543274291106,-0.03999134765077328,-0.0245881578494488,-0.03346984686736297,1.2729703869084128,True
2021-07-27,RTX,Earnings,Q2 2021: $1.03 EPS vs $0.95 est. Beat. Commercial aftermarket improving,2021-07-27 09:30:00,0.030802983586701038,0.03381078838713224,0.035960576043089006,0.03194204769257492,0.024544557611615062,0.0036043554477462516,0.0076848681258789905,1.009157708425952,True
2021-07-28,GD,Earnings,Q2 2021: $2.61 EPS vs $2.49 est. Marine growing. Combat orders up,2021-07-28 09:30:00,-0.00516142517338907,-0.003325128049074191,-0.00287477296568457,-0.0027279957825425147,-0.0016462448877856035,0.00887788277670173,0.010174917252658237,0.8373431302936792,False
2021-07-29,COP,Earnings,Q2 2021: $1.27 EPS vs $1.08 est. Beat. Raised 2021 production guide,2021-07-29 09:30:00,0.0002769444006322161,0.0021348039855348007,-0.0013530325535267857,-0.0015102911991212841,-0.0030811472312651765,-0.004596686436994897,-0.006216618422829365,0.35922573012688175,False
2021-07-29,NOC,Earnings,Q2 2021: $5.73 EPS vs $5.49 est. Space segment growing 12%,2021-07-29 09:30:00,0.01671836460236238,0.012511923221575984,0.01310357443697462,0.013956492350717125,0.01325332890195393,0.01656899840672914,0.01570350771850729,0.5668971724198534,True
2021-07-30,XOM,Earnings,Q2 2021: $1.10 EPS vs $1.00 est. Beat. Best quarter since Q4 2019,2021-07-30 09:30:00,-0.005822427480388196,-0.005128541156098707,-0.007576854371622588,-0.0030950198704118997,-0.006944174287790518,0.000569499623118877,-0.007275996194720857,0.5213884635433423,False
2021-07-30,CVX,Earnings,Q2 2021: $1.71 EPS vs $1.59 est. Permian production +15%. FCF strong,2021-07-30 09:30:00,0.004209191006786874,0.006210452281083025,0.008407040807389589,0.008342987774004688,0.009119554272521056,0.014538143518212013,0.00933940068751613,0.637042809138195,False
2021-08-03,OXY,Earnings,Q2 2021: $0.32 EPS vs $0.18 est. Beat. Debt reduction accelerating,2021-08-03 09:30:00,-0.0012023491488053289,-0.0009107064054323134,-0.00011542494887144261,-0.0037861384087096005,0.006646642276769976,0.006571036760414248,-0.0034875812403418072,0.4419110234764229,False
2021-10-26,LMT,Earnings,Q3 2021: $6.66 EPS vs $6.54 est. Raised guide. Backlog $135B,2021-10-26 09:30:00,-0.09233553056359133,-0.09771348715174041,-0.0957444301547549,-0.10591515729055093,-0.09530265410216085,-0.08700338720207143,-0.09544808745506342,5.152271572939007,True
2021-10-26,RTX,Earnings,Q3 2021: $1.26 EPS vs $1.08 est. Beat across segments. Raised guide,2021-10-26 09:30:00,-0.005801529685654684,-0.007723128030574296,-0.009121451403076013,-0.004220305029882573,-0.001888089286206162,0.009591965019092697,-0.005503049002755889,0.8677881821224752,False
2021-10-27,GD,Earnings,Q3 2021: $3.07 EPS vs $2.90 est. Beat. Submarine construction accelerating,2021-10-27 09:30:00,0.011848512044110296,0.017099478383862946,0.018580985178611443,0.013899955332116605,0.017386009902226003,0.002769325423277017,-0.0038732771244523404,0.6268663379461994,True
2021-10-28,NOC,Earnings,Q3 2021: $6.63 EPS vs $5.87 est. Blowout. B-21 first flight approaching,2021-10-28 09:30:00,-0.0620343132657427,-0.06242413671783929,-0.07493971811063221,-0.07254037813114957,-0.07435413325928569,-0.07992515433936812,-0.09670792113202831,1.9099540190285766,True
2021-10-29,XOM,Earnings,Q3 2021: $1.58 EPS vs $1.56 est. In-line. Raised capex to $20-25B for 2022,2021-10-29 09:30:00,0.011756249058573226,0.010126687050084078,0.011692276896253562,0.011021596013174354,0.009136880815978647,0.00964188138989352,0.007494733154399835,0.5891073702762692,True
2021-10-29,CVX,Earnings,Q3 2021: $2.96 EPS vs $2.21 est. Massive beat on $75 oil. Record FCF,2021-10-29 09:30:00,0.015330542680024845,0.01756991425891276,0.01618637829218683,0.017592225610922385,0.01993381577678851,0.002643788094185088,0.010485141833172937,0.8976244261428385,True
2021-11-02,COP,Earnings,Q3 2021: $1.78 EPS vs $1.47 est. Big beat. Variable dividend started,2021-11-02 09:30:00,0.007556869865589382,0.001988574520726357,-0.010977155543510317,-0.009376711986235315,-0.0113227880514297,-0.006731131525736234,0.012368036762517106,0.6386605573278753,False
2021-11-04,OXY,Earnings,Q3 2021: $0.87 EPS vs $0.65 est. Big beat on $75 oil. Debt below $30B,2021-11-04 09:30:00,0.004843595001861057,-0.003347715532167815,-0.5489346983857386,-0.004759485828249413,-0.005353547331922321,-0.028037728253682358,-0.06094458041783625,0.7346639192213315,False
2022-01-25,RTX,Earnings,Q4 2021: $1.08 EPS vs $1.05 est. Commercial aero recovering. Defense stable,2022-01-25 09:30:00,0.010215761898184272,0.016340438246081293,0.018705965221298946,0.018592018921830458,0.027507112126319608,0.027759528371682878,0.04106089926471798,1.2454651338227374,True
2022-01-25,LMT,Earnings,Q4 2021: $7.47 EPS vs $7.22 est. F-35 deliveries 142 jets — record year,2022-01-25 09:30:00,0.022434715762380323,0.027213685995145953,0.03891832084798054,0.03843235664600933,0.039765834007503276,0.0662245601212732,0.059879759783327054,0.6240856153768178,True
2022-01-26,GD,Earnings,Q4 2021: $3.39 EPS vs $3.34 est. Marine + combat strong,2022-01-26 09:30:00,0.013027023849998053,0.00866617834679568,0.004350308834249134,0.0049781513731201555,0.010024653517209079,0.04909084433754718,0.03544207579360197,1.1892712387821651,False
2022-01-27,NOC,Earnings,Q4 2021: $6.59 EPS vs $5.93 est. Beat. B-21 first flight imminent,2022-01-27 09:30:00,-0.04743795063575415,-0.050501697713827315,-0.04326148929484009,-0.035969858737752894,-0.05269044939243109,-0.046538674657067874,-0.10054719578380633,1.0750840799268921,True
2022-01-28,CVX,Earnings,Q4 2021: $2.56 EPS vs $3.11 est. MISS despite $75 oil. Permian costs rising,2022-01-28 09:30:00,-0.03480944362413928,-0.036664621468733664,-0.03395736454799318,-0.031901121066977366,-0.029730557834347335,-0.02917412325753094,-0.03700400868655597,1.4849758156370918,True
2022-02-01,XOM,Earnings,Q4 2021: $2.05 EPS vs $1.93 est. Beat. Highest annual profit since 2014,2022-02-01 09:30:00,0.02179370239570897,0.028563647397966973,0.0278922989368062,0.0256803954128366,0.030544886037553724,0.023194522654260107,0.026866675901921377,1.9122692636181842,True
2022-02-03,COP,Earnings,Q4 2021: $2.27 EPS vs $2.17 est. Record year. 2022 capex $7.2B,2022-02-03 09:30:00,-0.008941094458264565,-0.01162327378754249,-0.00812766819792143,-0.007809741763080283,-0.0038939330454791105,-0.008738475008217768,0.0038615316876401485,1.0156602526670775,True
2022-02-25,OXY,Earnings,Q4 2021: $1.37 EPS vs $1.10 est. Beat. Debt below $30B. Dividend reinstated,2022-02-25 09:30:00,0.008501268153649936,-0.014948580922007924,-0.023516729079065365,-0.02199859896735113,-0.03187130939018994,0.0702321241740263,0.13604453733248695,1.1184236691124878,True
2022-03-02,OXY,Corporate,Berkshire Hathaway begins buying OXY shares aggressively (disclosed later),2022-03-02 09:30:00,-0.005906291070891311,0.00833051550131498,0.01743665815918919,0.01718453836738003,0.01076060351747973,-0.005218627297150828,0.07898872579291571,1.2813374885245294,False
2022-04-19,LMT,Earnings,Q1 2022: $6.44 EPS vs $6.19 est. Beat. Ukraine driving Javelin/HIMARS demand,2022-04-19 09:30:00,-0.01167700366520739,-0.02121872387792283,-0.020609571385626697,-0.01889704650130529,-0.0238005775963279,-0.03692387354104834,-0.016274431372284667,0.6844707141171106,True
2022-04-26,RTX,Earnings,Q1 2022: $1.15 EPS vs $1.08 est. Beat. Collins Aerospace +14%,2022-04-26 09:30:00,0.005711078317906151,0.006554352984760132,0.005000196304355336,0.01090838880282937,0.011500331256608544,0.013410570241967304,-0.009443656306382726,0.724537735049278,False
2022-04-27,GD,Earnings,Q1 2022: $2.61 EPS vs $2.45 est. Combat Systems surging on Ukraine,2022-04-27 09:30:00,0.03839231525249197,0.03597172976746931,0.030692612325674284,0.027021298960554767,0.020067803135080095,0.019991022249014615,0.007199412490277047,1.0621731040082787,True
2022-04-28,NOC,Earnings,Q1 2022: $5.70 EPS vs $5.38 est. Beat. Space + GBSD growing,2022-04-28 09:30:00,0.009162466106411603,0.008714941983772997,0.006660919588704316,0.009028458194835451,0.004303268913713401,0.018897110159813484,0.03857323675679692,0.7373849153473806,False
2022-04-29,CVX,Earnings,Q1 2022: $3.36 EPS vs $3.27 est. Beat on $95 oil. Revenue doubled YoY,2022-04-29 09:30:00,-0.0119837981405978,-0.010890126816515293,-0.012673065824662292,-0.014096760515548661,-0.0065233259315968725,-0.0018825042327846216,-0.01699131062539153,0.44461385567902323,True
2022-04-29,XOM,Earnings,Q1 2022: $2.07 EPS vs $2.24 est. MISS despite $100 oil. Writedowns,2022-04-29 09:30:00,0.001758733672552996,-0.0005406713528514559,-0.003040344551840695,-0.0006014133514462526,2.3952290363886408e-05,0.00014830224666094634,-0.010544353590570946,0.4232485299899569,False
2022-05-05,COP,Earnings,Q1 2022: $3.27 EPS vs $2.91 est. Beat on $95 oil. Variable dividend raised,2022-05-05 09:30:00,0.015142085797095882,0.00731147441990365,0.007834547536274186,0.010298164757578462,0.006766233892653576,0.02284362886809236,0.002077926663322384,0.792545211101564,False
2022-05-10,OXY,Earnings,Q1 2022: $2.12 EPS vs $1.89 est. Beat. Debt reduction accelerating,2022-05-10 09:30:00,0.005364804221603764,-0.007324541865917611,-0.006256077671737912,-9.237173074178734e-05,0.017633744618878972,0.016434236931620504,0.08077138339041859,0.28664422341720885,False
2022-07-19,LMT,Earnings,Q2 2022: $6.32 EPS vs $6.28 est. In-line. Supply chain delays impacting F-35,2022-07-19 09:30:00,-0.02869638849621623,-0.025818274389286733,-0.030910884535540754,-0.03321548576319647,-0.029450410791633477,-0.028662817006390506,-0.01613149862763817,1.1214673466323655,True
2022-07-26,RTX,Earnings,Q2 2022: $1.16 EPS vs $1.08 est. Beat. Pratt GTF engine production ramping,2022-07-26 09:30:00,-0.021879327981279117,-0.022549346044504252,-0.021517730596865212,-0.023739891158829206,-0.030345105863781013,-0.03759832212745931,-0.05559700417104258,0.8881444624367365,True
2022-07-27,GD,Earnings,Q2 2022: $2.63 EPS vs $2.43 est. Marine growing. Gulfstream orders record,2022-07-27 09:30:00,0.007429978865624271,0.014137712218600685,0.011059644307997454,0.007464672733400252,0.002240791628318778,-0.00037718863928838664,-0.01418625957265568,0.4912202764472643,True
2022-07-28,COP,Earnings,Q2 2022: $3.91 EPS vs $3.40 est. Record profit. Returned $4.7B to shareholders,2022-07-28 09:30:00,0.0050351884252650345,0.006908240540844216,0.006646897115934418,0.0038848280998840436,0.0048882616914618015,-0.004354436743128812,-0.015795911367662518,0.324238442913393,False
2022-07-28,NOC,Earnings,Q2 2022: $5.74 EPS vs $5.51 est. Beat. Ukraine driving munitions demand,2022-07-28 09:30:00,-0.004819603157631358,0.001085222209771225,-0.0025537554306385764,-0.0011474641894815042,-0.00040608239555958714,0.0355924711471137,0.027041572870792202,0.8029758755249843,False
2022-07-29,CVX,Earnings,Q2 2022: $5.82 EPS vs $5.09 est. Record quarterly profit. Revenue $68B,2022-07-29 09:30:00,0.03996103232579056,0.04359466500507675,0.04328977199719831,0.043757023296434695,0.043810166876603725,0.044901416885856214,0.050044066887157304,1.1392422534250977,True
2022-07-29,XOM,Earnings,Q2 2022: $4.14 EPS vs $3.74 est. Record $17.9B profit. Highest EVER,2022-07-29 09:30:00,0.006114092185506292,0.0017400291421147199,0.003481309537262056,0.0032685318016961243,0.0010860013391858145,-0.0032593061836451234,-0.01411128653103335,0.5789170848899944,False
2022-08-03,OXY,Earnings,Q2 2022: $3.47 EPS vs $2.86 est. Record quarter. Buffett at 20% stake,2022-08-03 09:30:00,-0.01638391818180796,-0.01489194399932351,-0.02002771137669154,-0.022941283029547527,-0.033142392023260775,-0.051632430505296686,-0.016614146706210003,0.40040937616456257,True
2022-08-19,OXY,Corporate,Berkshire gets regulatory approval to buy up to 50% of OXY,2022-08-19 09:30:00,-0.0015564361479317446,0.011204188644053948,0.01297127043143476,0.0500292601079183,0.0978711163482299,0.06577499742677748,0.09329353286678678,0.43956005583658087,True
2022-10-18,LMT,Earnings,Q3 2022: $6.87 EPS vs $6.67 est. Backlog $150B. Ukraine replenishment orders,2022-10-18 09:30:00,0.012271969601800072,0.036342934898677376,0.03992422610731112,0.045865778927522305,0.04729319767763003,0.06176768653544856,0.07096961629381726,1.514320513058372,True
2022-10-25,RTX,Earnings,Q3 2022: $1.21 EPS vs $1.12 est. Beat. Ukraine driving missile production,2022-10-25 09:30:00,-0.02300223726247899,-0.020689436178130325,-0.023445240982401357,-0.021792315613605874,-0.020946195957777185,0.008264630825793068,0.015993464642609347,0.9217754072314039,True
2022-10-26,GD,Earnings,Q3 2022: $3.26 EPS vs $3.04 est. Beat. Backlog $91B record,2022-10-26 09:30:00,-0.013128515559699452,-0.007843715491889844,-0.009058671733546141,-0.004620984698118035,0.002931467629185434,-0.002671507514380049,-0.020692234159526587,0.868860274162833,False
2022-10-27,NOC,Earnings,Q3 2022: $6.10 EPS vs $5.72 est. Beat. Backlog $81B record,2022-10-27 09:30:00,-0.02002837884585321,-0.02168074393988977,-0.025283380445707184,-0.028025376243917106,-0.008351988655980608,-0.010194247607251433,-0.029113978949096335,1.339746537168919,True
2022-10-28,CVX,Earnings,Q3 2022: $5.56 EPS vs $5.04 est. Beat. Permian production record,2022-10-28 09:30:00,0.00808165460799724,0.005289883904916333,0.004307940028860683,0.006305987672855639,0.005209833335509333,0.003566649241335996,0.0004176781777912031,0.8356992291648675,False
2022-10-28,XOM,Earnings,Q3 2022: $4.45 EPS vs $3.89 est. 2nd record quarter. Capex rising to $23-25B,2022-10-28 09:30:00,0.018984483663027234,0.018151710565355923,0.023262756159149498,0.022195668095111008,0.023221330018240602,0.01670447474933364,0.015314495643932991,0.858005026474638,True
2022-11-03,COP,Earnings,Q3 2022: $3.60 EPS vs $3.46 est. Beat. LNG export strategy expanding,2022-11-03 09:30:00,0.03174626423136697,0.03954847793761948,0.046327766742686405,0.053011599107383844,0.0389484337972532,0.014253370161558268,-0.008798245086040234,1.162074360809775,True
2022-11-08,OXY,Earnings,Q3 2022: $2.44 EPS vs $2.44 est. In-line. Oil prices falling from peak,2022-11-08 09:30:00,-0.006842459938932724,-0.009139770320740651,-0.009079742124924052,-0.013417015796483427,-0.014191831218545538,-0.057736063614125845,-0.03491576153012619,0.29779189199307643,False
2022-12-02,NOC,Corporate,B-21 Raider stealth bomber unveiled at Palmdale — first new bomber in 30 years,2022-12-02 09:30:00,0.015474052498073888,0.019624397342491978,0.015400492752111663,0.01309762938667632,0.011263018842012893,0.014033505866430627,0.028464756376930703,0.5156315451684275,True
2023-01-24,LMT,Earnings,Q4 2022: $7.40 EPS vs $7.41 est. In-line. F-35 deliveries 141 jets,2023-01-24 09:30:00,0.003971434210165844,0.004611546512980017,0.003191671650560602,0.0037749892014949243,0.00246875080889402,0.00906857633121444,0.019403740390051754,0.8859894151560995,False
2023-01-24,RTX,Earnings,Q4 2022: $1.27 EPS vs $1.25 est. Beat. Commercial aftermarket booming,2023-01-24 09:30:00,-0.003298645056379771,0.00867502831497773,0.01077144631514096,0.011072844817371688,0.019322870489868773,0.019612226804193594,0.002027788738481636,0.9035187794860853,False
2023-01-25,GD,Earnings,Q4 2022: $3.58 EPS vs $3.56 est. Marine + combat record year,2023-01-25 09:30:00,-0.043353954553972264,-0.027898749142005373,-0.02844526763446787,-0.036147849260787665,-0.04158001508525254,-0.04455483431748007,-0.03214546437294474,1.8537009267992137,True
2023-01-26,NOC,Earnings,Q4 2022: $7.50 EPS vs $6.56 est. Blowout. B-21 first flight Nov 2022,2023-01-26 09:30:00,0.0024639107818909415,-0.010499570311729309,-0.021373190631244245,-0.030479145993843937,-0.05134641340052816,-0.06355812532188314,-0.0624336597508592,2.3611407603008416,True
2023-01-31,XOM,Earnings,Q4 2022: $3.40 EPS vs $3.28 est. Full-year $55.7B profit — all-time record,2023-01-31 09:30:00,0.012968262967440781,0.012234110780535205,0.014033526765527451,0.014192958526914962,0.013918189801371392,0.021333984378761595,0.023495135208219765,0.8054204706450265,True
2023-02-02,COP,Earnings,Q4 2022: $3.53 EPS vs $3.26 est. Beat. Record annual profit $18.7B,2023-02-02 09:30:00,-0.018380243069855553,-0.02657669865474645,-0.026947560550457786,-0.030586903061742866,-0.03182959141554939,-0.057296096047066654,-0.05194565034726434,0.9752647931224429,True
2023-02-03,CVX,Earnings,Q4 2022: $4.09 EPS vs $4.39 est. MISS. Record annual profit but Q4 disappointed,2023-02-03 09:30:00,-0.005151671297518756,-0.004682791287105391,-0.0019146278264059232,0.000538620401018907,0.003989270793657297,0.009467327297757231,-0.011379223000899987,0.48828862264525646,False
2023-02-27,OXY,Earnings,Q4 2022: $1.61 EPS vs $1.48 est. Beat. Full-year profit $12.5B,2023-02-27 09:30:00,-0.005392617328736846,-0.0031584763780947113,-0.005943668192210566,-0.0008588403464305488,-0.003985313136894536,0.004539193663987922,0.006936659899818648,0.41835868153932776,False
2023-04-18,LMT,Earnings,Q1 2023: $6.61 EPS vs $6.37 est. Beat. Missiles segment surging on Ukraine replenishment,2023-04-18 09:30:00,0.023494829931009494,0.017707679706477727,0.013668152818334544,0.01738325116099103,0.011436935810259449,0.003036858004402552,-0.014304464351112652,1.22058793583882,True
2023-04-25,RTX,Earnings,Q1 2023: $1.22 EPS vs $1.13 est. Beat. Defense orders up 20%,2023-04-25 09:30:00,-0.005298412663736751,-0.006157995759967478,-0.010033066584973887,-0.009201176082046902,-0.0019967179792212113,-0.015582391259708096,-0.010371855374989037,0.5976939478197532,False
2023-04-26,GD,Earnings,Q1 2023: $2.64 EPS vs $2.64 est. In-line. Gulfstream orders slowing,2023-04-26 09:30:00,-0.037150333000025196,-0.025051677051268505,-0.028961402579120367,-0.028785928056756185,-0.01587167869077694,-0.025828659822472906,-0.03847067014785635,1.3823032674732467,True
2023-04-27,NOC,Earnings,Q1 2023: $5.50 EPS vs $5.45 est. Space growing. GBSD on track,2023-04-27 09:30:00,-0.002009771170831138,-0.01359254438376482,-0.004753836349876047,-0.0037717691757562805,0.004562004902977899,0.008534859835968644,-0.016157317497493724,0.7506280845880136,True
2023-04-28,CVX,Earnings,Q1 2023: $3.55 EPS vs $3.38 est. Beat despite lower oil. Permian record,2023-04-28 09:30:00,-0.013902582727819652,-0.011184992331974248,-0.012321211966848232,-0.010342365649897744,-0.005326125569242023,-0.0021399550406625287,0.003966880143336626,0.6354460808883221,True
2023-04-28,XOM,Earnings,Q1 2023: $2.83 EPS vs $2.60 est. Beat. Upstream margins resilient,2023-04-28 09:30:00,0.010609906727871451,0.00467610019906747,0.0033900134099813656,0.0014116124461480972,-0.003402991008894178,-0.022888068791195818,-0.02424655208653337,0.8436933708739669,False
2023-05-04,COP,Earnings,Q1 2023: $2.38 EPS vs $2.13 est. Beat. Lower 48 production strong,2023-05-04 09:30:00,0.01653079319771754,0.02434397235748404,0.01934022962292021,0.0186483680448965,0.02580633801350444,0.02984152725711877,0.04183351344535023,0.4931949530837778,True
2023-05-09,OXY,Earnings,Q1 2023: $1.09 EPS vs $0.90 est. Beat. Debt below $20B,2023-05-09 09:30:00,0.003921618311780345,0.0018205200232264808,0.0037468076865236725,0.0021508667208752596,-4.10426416408137e-05,-0.024974234096253833,0.009131991463438061,0.41710711275252504,False
2023-07-18,LMT,Earnings,Q2 2023: $6.63 EPS vs $6.45 est. Raised guide. F-35 Lot 15-17 negotiations,2023-07-18 09:30:00,-0.007812746355960095,-0.012465356707357239,-0.02044377519814865,-0.023354353667582976,-0.026144538218525165,-0.02917099487778603,-0.030396594252747877,1.2332550045869473,True
2023-07-25,RTX,Earnings,Q2 2023: $1.29 EPS vs $1.18 est. Beat BUT Pratt GTF powder metal defect disclosed — $3.5B charge,2023-07-25 09:30:00,-0.10885000528860535,-0.1045588282289896,-0.1000013424108022,-0.09792157019501337,-0.08176403102920918,-0.10516271815849156,-0.10020413981169753,10.723651579876064,True
2023-07-26,GD,Earnings,Q2 2023: $2.70 EPS vs $2.82 est. MISS. Gulfstream G700 delivery delays,2023-07-26 09:30:00,0.01911006931987089,0.016901971964532917,0.017005727538311647,0.01885285864384191,0.006712223233048117,-0.002691398441904474,0.006264959510020124,1.0039003564765812,True
2023-07-27,NOC,Earnings,Q2 2023: $5.34 EPS vs $5.32 est. In-line. B-21 entering production prep,2023-07-27 09:30:00,-0.04699119575717975,-0.04327604880182667,-0.040534692795600846,-0.03653734043135144,-0.02146121316084523,-0.02199659693426108,-0.012882707049619205,1.5655668038938924,True
2023-07-28,CVX,Earnings,Q2 2023: $3.08 EPS vs $2.96 est. Beat. FCF strong despite lower oil prices,2023-07-28 09:30:00,-0.006877647045680062,-0.0073721077424117815,-0.006725429159914796,-0.0077124697114050655,-0.007512093529832543,0.0034293171848141894,-0.013421333544705689,0.45436677157807287,False
2023-07-28,XOM,Earnings,Q2 2023: $1.94 EPS vs $2.01 est. MISS. Profits -56% YoY on lower oil,2023-07-28 09:30:00,-0.014995405847568649,-0.015138907991249777,-0.016183391951400467,-0.016327950085783124,-0.015112535706731347,-0.005220765278644495,0.0020443144408960907,0.6210564360918581,True
2023-08-03,COP,Earnings,Q2 2023: $1.84 EPS vs $1.83 est. In-line despite lower oil,2023-08-03 09:30:00,-0.012402527882161247,-0.010969176902026416,-0.005471453786709608,-0.008432073084675888,-0.014734314360106901,-0.026783410238895005,-0.022003693175498985,0.7980465661862264,True
2023-08-08,OXY,Earnings,Q2 2023: $0.68 EPS vs $0.68 est. In-line. Lower oil prices hitting,2023-08-08 09:30:00,-0.0018984896893812723,-0.0005593123592548075,-0.0021802589586910797,-0.00338155457939806,-0.007215472923857987,-0.01848937286735297,-0.010482687231435306,0.28252311057063834,False
2023-10-11,XOM,Corporate,XOM announces $59.5B acquisition of Pioneer Natural Resources — Permian mega-deal,2023-10-11 09:30:00,-0.027184201352103147,-0.024264760951000344,-0.03152224093449797,-0.028948570506120954,-0.024079828068239335,-0.02500564187389575,-0.019319580382945956,2.243115247558913,True
2023-10-17,LMT,Earnings,Q3 2023: $6.73 EPS vs $6.67 est. Backlog $156B. Missiles growing 15%,2023-10-17 09:30:00,0.00801858313658526,0.006319976883044332,-0.007773369563610137,-0.008802747164687102,-0.0013358975787876033,0.013148570153858966,0.03640187773507797,1.29873093355066,False
2023-10-23,CVX,Corporate,CVX announces $53B all-stock acquisition of Hess Corporation,2023-10-23 09:30:00,-0.009357910364863789,-0.014059512900761668,-0.017761274137515663,-0.016833948209478346,-0.02119706597109313,-0.03128887812284404,-0.0728256986344873,1.4896082694286974,True
2023-10-24,RTX,Earnings,Q3 2023: $1.25 EPS vs $1.19 est. Beat. GTF inspection progress — 350 engines inspected,2023-10-24 09:30:00,0.04357553171323953,0.05355051786530063,0.05471895212192199,0.06197792194585741,0.06053957960637141,0.06230080242777487,0.06572609744340763,1.6067938790112137,True
2023-10-25,NOC,Earnings,Q3 2023: $6.18 EPS vs $5.85 est. Beat. Sentinel ICBM delays disclosed,2023-10-25 09:30:00,0.010193865410018132,0.003343122262663995,0.00654677080497778,0.01061743260225889,0.013176075735194864,-0.0017928842416713932,-0.03274131158508957,0.5262146338949235,False
2023-10-25,GD,Earnings,Q3 2023: $3.04 EPS vs $3.01 est. In-line. Marine backlog growing,2023-10-25 09:30:00,0.03924099570986724,0.03096143379156505,0.03428182312377947,0.036839042523624126,0.04246750331380675,0.031561615872778344,0.017911807307478517,1.1266763246638303,True
2023-10-27,XOM,Earnings,Q3 2023: $2.27 EPS vs $2.36 est. MISS. Lower oil prices biting,2023-10-27 09:30:00,0.008641802524061555,0.0009292312647746076,0.0016638636973972457,0.0032813274694376005,0.004834028587199318,0.004762989588622108,0.005141874967331938,0.5233012415683534,False
2023-10-27,CVX,Earnings,Q3 2023: $3.05 EPS vs $3.35 est. MISS. Hess deal announced same week,2023-10-27 09:30:00,-0.03193817292236313,-0.031359140787996884,-0.03595920767263877,-0.035749475800750344,-0.042929922947014476,-0.03528989170635656,-0.047916167770889175,1.7849317238228788,True
2023-11-02,COP,Earnings,Q3 2023: $2.16 EPS vs $2.15 est. In-line. Willow project approved by Biden,2023-11-02 09:30:00,0.019891390885747064,0.021490659572733203,0.02769325615657846,0.025701620109107707,0.015133774640726242,0.005470050475856605,0.006484128925617207,0.8918242122838624,True
2023-11-07,OXY,Earnings,Q3 2023: $0.74 EPS vs $0.86 est. MISS. CrownRock acquisition rumors,2023-11-07 09:30:00,-0.0025934307358914423,0.0005878795515057537,0.0005549824689898217,-0.0009981866191438142,-0.002703868243671907,0.024762665112383377,0.017793809093886667,0.6360140135862258,False
2023-12-11,OXY,Corporate,OXY announces $12B CrownRock acquisition — Permian expansion continues,2023-12-11 09:30:00,0.010054831611788035,0.006382578107016959,0.005663756734908157,0.007133896832715033,0.009289443922972943,-0.0035377651062492715,0.012222462857213682,0.9802726731371835,False
2024-01-23,LMT,Earnings,Q4 2023: $7.58 EPS vs $7.40 est. F-35 deliveries 98 jets — supply chain bottleneck,2024-01-23 09:30:00,-0.022139111535831223,-0.033720546429819996,-0.042076146061784996,-0.04576142986661705,-0.04298452676084006,-0.06367560288913553,-0.0685239170087247,1.1943819095422188,True
2024-01-23,RTX,Earnings,Q4 2023: $1.29 EPS vs $1.24 est. Beat. GTF engine recall progressing,2024-01-23 09:30:00,0.06616752106726571,0.056172255868179526,0.05386259861810796,0.0533174671309543,0.05132812897874848,0.04899115827896693,0.0589784701673476,1.6190706644963573,True
2024-01-24,GD,Earnings,Q4 2023: $3.64 EPS vs $3.60 est. In-line. Submarine backlog growing,2024-01-24 09:30:00,0.046706086572068,0.03972420157671753,0.04147035759743922,0.03909541874884091,0.04503117296623381,0.07291845777481447,0.08005198036205724,1.6413071367700272,True
2024-01-25,NOC,Earnings,Q4 2023: $6.22 EPS vs $6.08 est. Beat. Sentinel ICBM cost overruns worsening,2024-01-25 09:30:00,-0.05738842310722152,-0.06066003939699894,-0.055587831088358346,-0.048495799228442334,-0.05440928068573645,-0.05049034316251744,-0.03753994436397554,1.7727827975965427,True
2024-02-02,CVX,Earnings,Q4 2023: $3.45 EPS vs $3.23 est. Beat. Hess deal under FTC review,2024-02-02 09:30:00,0.023574520148978383,0.022957281236172467,0.020738179257955902,0.021926377232280192,0.0275123253853144,0.030309434345176498,0.026209910425370776,0.673515588841272,True
2024-02-02,XOM,Earnings,Q4 2023: $2.48 EPS vs $2.20 est. Beat. Pioneer deal closing May 2024,2024-02-02 09:30:00,0.0012846172935830373,0.0020266581065918965,0.001520339084270272,-0.0003668436105587012,-0.006333865538828268,-0.008180599632245397,-0.00010044806289383895,0.701495147435244,False
2024-02-08,COP,Earnings,Q4 2023: $2.40 EPS vs $2.31 est. Beat. 2024 capex guide $11-11.5B,2024-02-08 09:30:00,0.004637569825711077,0.01096750199540418,0.0107205623137974,0.005663648721517134,0.003189526813624801,-0.005180634645610778,-0.013993485945632525,0.9711182000210555,True
2024-02-13,OXY,Earnings,Q4 2023: $0.74 EPS vs $0.65 est. Beat. CrownRock deal announced,2024-02-13 09:30:00,-0.003220707922740358,-0.0037771132067263525,-0.002864454575759119,-0.0020107240798480303,0.0014551292683109267,-0.0019313125008383926,0.019068960982498613,0.5600527000438963,False
2024-04-23,LMT,Earnings,Q1 2024: $6.33 EPS vs $5.84 est. Beat. Missiles segment +20%,2024-04-23 09:30:00,-0.009288014513252237,-0.008093213162628865,-0.00725845703622671,-0.008170570383627822,-0.010049420125999181,-0.0048107952230773765,-0.007271578773911101,0.9158749327276186,False
2024-04-23,RTX,Earnings,Q1 2024: $1.28 EPS vs $1.28 est. In-line. Commercial aftermarket record,2024-04-23 09:30:00,-0.004152656138344199,-0.0038623877392492557,-0.008702486353677975,-0.00639874244780744,-0.009542033132227973,-0.005320148568582165,-0.011610858519105123,0.9093969553804939,False
2024-04-24,GD,Earnings,Q1 2024: $2.88 EPS vs $2.81 est. Beat. Combat orders surging globally,2024-04-24 09:30:00,-0.04878403913663432,-0.05003594919848692,-0.04397688311843284,-0.04131164259326922,-0.03204248837300304,-0.02383105048795417,-0.022411629990723284,1.7588392290433905,True
2024-04-25,NOC,Earnings,Q1 2024: $6.32 EPS vs $5.88 est. Big beat. B-21 production starting,2024-04-25 09:30:00,0.02297450238884655,0.019284593680898007,0.022305229481269347,0.02546926391049367,0.023856276604779916,0.004237746381771027,0.010386447830721358,0.6153274269620601,True
2024-05-02,COP,Earnings,Q1 2024: $2.03 EPS vs $1.96 est. Beat. Production record 1.96M BOEPD,2024-05-02 09:30:00,-0.018390367262606903,-0.02058890951534988,-0.02029275176761685,-0.018638117365024506,-0.02262425350557961,-0.021863797231815425,-0.021404321951100574,0.6272586470049828,True
2024-05-03,CVX,Earnings,Q1 2024: $2.97 EPS vs $2.92 est. In-line. Hess deal facing Guyana arbitration,2024-05-03 09:30:00,-0.007600630755509916,-0.008841053909717166,-0.0088270647303441,-0.007422093098223822,-0.00278883659456518,0.0017443828374326736,0.010205989490989838,0.610301712576969,False
2024-05-03,XOM,Corporate,XOM completes $59.5B Pioneer acquisition — now largest Permian producer,2024-05-03 09:30:00,-0.00491481486850184,-0.0012166822214367875,-0.0005071468314542882,0.00015169580444927312,-0.0009649346792577657,-0.0030952226971042362,0.0004613466751260814,0.6327010660699389,False
2024-05-03,XOM,Earnings,Q1 2024: $2.06 EPS vs $2.20 est. MISS. Integration costs from Pioneer,2024-05-03 09:30:00,-0.00491481486850184,-0.0012166822214367875,-0.0005071468314542882,0.00015169580444927312,-0.0009649346792577657,-0.0030952226971042362,0.0004613466751260814,0.6327010660699389,False
2024-05-07,OXY,Earnings,Q1 2024: $0.63 EPS vs $0.60 est. In-line. CrownRock integration starting,2024-05-07 09:30:00,0.00024434898464979066,-4.35647716152867e-05,0.0014097639088176224,0.0013763918015879829,0.0014331332525115584,-0.018408307614914545,-0.03597708697881771,0.2433252479496063,False
2024-05-29,COP,Corporate,COP announces $22.5B acquisition of Marathon Oil — Permian/Eagle Ford expansion,2024-05-29 09:30:00,-0.020665640064226692,-0.019307766968707965,-0.02132762719786312,-0.016951993641718503,-0.013213129413121586,-0.02958359639702361,-0.029083544478144863,1.9705129184659043,True
2024-07-23,LMT,Earnings,Q2 2024: $7.11 EPS vs $6.45 est. Massive beat. Record revenue $18.1B,2024-07-23 09:30:00,0.009848066223397439,0.0023522562388285165,0.013661514481489542,0.012802347426663713,0.02927276223404737,0.08331289437148051,0.07501612014492803,1.4042832835907832,False
2024-07-24,GD,Earnings,Q2 2024: $3.26 EPS vs $3.06 est. Beat. Gulfstream G700 finally delivering,2024-07-24 09:30:00,-0.037598283111303164,-0.03175074072633834,-0.029205693620129224,-0.025159447307679873,-0.008899056647814783,-0.01148429170909867,-0.021529920899851673,1.519716302407341,True
2024-07-25,NOC,Earnings,Q2 2024: $7.00 EPS vs $5.93 est. Massive beat. Defense Systems +11%,2024-07-25 09:30:00,0.034646504357636235,0.019264621695958477,0.014080654842547023,0.023943230013167727,0.03678127184784372,0.04942240656509565,0.0403558320779974,1.5296625617213218,True
2024-07-25,RTX,Earnings,Q2 2024: $1.41 EPS vs $1.29 est. Beat. Defense orders +13%,2024-07-25 09:30:00,0.05639333344857628,0.050260870784102935,0.05008311251470681,0.06495968648759484,0.05538120208584698,0.05026026365331464,0.06578676012056273,1.8845982761454305,True
2024-08-01,COP,Earnings,Q2 2024: $1.98 EPS vs $2.05 est. MISS. Marathon deal under review,2024-08-01 09:30:00,-0.002190685745994722,0.0015467352723944477,0.004553398013294737,0.004241757240993949,0.0004480737632486208,0.0023377283395319623,0.02437586487131036,0.7122019823048196,False
2024-08-02,CVX,Earnings,Q2 2024: $2.55 EPS vs $2.93 est. MISS. Permian costs rising. Tengiz delays,2024-08-02 09:30:00,-0.0033453510366699864,-0.0007102366719384454,-0.001641675043503446,-0.002083127147836615,-0.0009114121550727987,-0.005612098536450588,-0.0357451593250407,1.196625081603974,False
2024-08-02,XOM,Earnings,Q2 2024: $2.14 EPS vs $2.02 est. Beat. Pioneer synergies starting. Permian record,2024-08-02 09:30:00,0.026798325098649746,0.024108087041265474,0.023332823171548223,0.025769353972141914,0.025877943981408646,0.02811101070180574,0.02554490320575417,0.6828128610998095,True
2024-08-06,OXY,Earnings,Q2 2024: $1.03 EPS vs $0.88 est. Beat. CrownRock synergies ahead of plan,2024-08-06 09:30:00,-0.00987054243861501,-0.007740926272693431,-0.008605899422770751,-0.008852192781717632,-0.006270028293520049,-0.010317249772668811,0.011537925045666655,0.6078374161644416,False
2024-10-22,LMT,Earnings,Q3 2024: $6.84 EPS vs $6.39 est. Beat. Backlog $166B — all-time high,2024-10-22 09:30:00,-0.019940228816109934,-0.021170550836246818,-0.026573936749792488,-0.027883722557016682,-0.029625235484778425,-0.04157325205703641,-0.05300120760792635,1.2564610185326803,True
2024-10-22,RTX,Earnings,Q3 2024: $1.45 EPS vs $1.34 est. Beat. Raised full-year guide,2024-10-22 09:30:00,0.023792612448312152,0.023024634692158246,0.024957532899635565,0.027730537144815666,0.029121343606628287,0.03962727686285066,0.04027988404803727,0.6912530904536782,True
2024-10-23,GD,Earnings,Q3 2024: $3.35 EPS vs $3.23 est. Beat across segments,2024-10-23 09:30:00,-0.011511228926890053,-0.018264893867029064,-0.013850635012585766,-0.013470505319618927,-0.00864121950619108,-0.007382430229454987,0.0059800251140489525,0.8728415196582016,True
2024-10-24,NOC,Earnings,Q3 2024: $7.00 EPS vs $6.08 est. Another blowout. Raised full-year guide,2024-10-24 09:30:00,0.029743049501114022,0.02586834937404204,0.02881771714788794,0.027345982130137943,0.02628254440398648,0.015029403217259159,0.003121954972049902,1.395774867477393,True
2024-11-01,CVX,Earnings,Q3 2024: $2.51 EPS vs $2.57 est. MISS. Lower oil + Tengiz cost overruns,2024-11-01 09:30:00,0.030427018481571252,0.030446144464366887,0.02990441105401379,0.031833191690295054,0.03558689910387816,0.024006330996185085,0.0016995419626791922,1.0419550676395224,True
2024-11-01,XOM,Earnings,Q3 2024: $1.92 EPS vs $1.88 est. In-line. Lower oil offset by Pioneer volumes,2024-11-01 09:30:00,-0.004698910314097344,-0.0023159006276995617,-0.0012727826804254964,-0.0026535767971967144,-0.008191361946885814,0.004985889617528912,-0.014286595475040284,0.8803690082129503,False
2024-11-04,COP,Earnings,Q3 2024: $1.78 EPS vs $1.67 est. Beat. Marathon deal closed Nov 2024,2024-11-04 09:30:00,0.0010248144235235727,-0.0012927649149343818,-0.002406512665412759,-0.0050300259959945096,-0.007939683926000791,-0.01175032146261737,-0.030107678448997137,0.3536349264816696,False
2024-11-12,OXY,Earnings,Q3 2024: $0.77 EPS vs $0.74 est. In-line. Lower oil prices weighing,2024-11-12 09:30:00,-0.0002551786706113054,-0.00030955539672390935,-0.0025670833620905524,-0.002724651376166451,-0.005382610200333876,0.0031528355680950377,-0.015948213059134467,0.4991981587912109,False
2025-01-28,RTX,Earnings,Q4 2024: $1.54 EPS vs $1.39 est. Beat. GTF recall mostly resolved,2025-01-28 09:30:00,0.025018629793338215,0.025812742758008052,0.023406615662088508,0.0246914212361743,0.02633826659374861,0.007189034120598592,0.027466199016078552,1.6336381049033037,True
2025-01-28,LMT,Earnings,Q4 2024: $7.25 EPS vs $6.64 est. Beat. F-35 deliveries recovering — 110 jets,2025-01-28 09:30:00,-0.0922341855618626,-0.07874056246996529,-0.0783806757456888,-0.08025355325205089,-0.09189785675214497,-0.09232963599778093,-0.10723260000192994,2.5527773650826875,True
2025-01-29,GD,Earnings,Q4 2024: $3.78 EPS vs $3.69 est. Beat. Marine/combat record year,2025-01-29 09:30:00,-0.03232549310102996,-0.030459355094784327,-0.02791717148273582,-0.03266091700094178,-0.03603047231713705,-0.03649388685096101,-0.024648060013040096,2.1862834043335284,True
2025-01-30,NOC,Earnings,Q4 2024: $7.71 EPS vs $7.01 est. Beat. Sentinel ICBM restructuring disclosed,2025-01-30 09:30:00,-0.026186214153638022,-0.028633589045669254,-0.030957092042876,-0.02402191824341962,-0.01727327281635995,-0.005136273567270925,-0.041275853440784875,1.3095748886487626,True
2025-01-31,CVX,Earnings,Q4 2024: $2.06 EPS vs $2.11 est. MISS. Lower oil + Tengiz startup costs,2025-01-31 09:30:00,-0.02403195654559391,-0.02495153980280341,-0.02143524234215323,-0.018197035790348766,-0.017959664932959227,-0.022977735209933747,-0.011288333595242058,1.5494836743976643,True
2025-01-31,XOM,Earnings,Q4 2024: $1.67 EPS vs $1.56 est. Beat. Pioneer fully integrated,2025-01-31 09:30:00,0.0033418931846605528,0.0061262743987600095,-0.00035655417990695243,-0.0010123407509600446,0.002125790557309,-0.0009770973412348907,0.0062412510247313105,0.7772615324542331,False
2025-02-06,COP,Earnings,Q4 2024: $1.98 EPS vs $1.78 est. Beat. Marathon integration progressing,2025-02-06 09:30:00,0.015840081008843838,0.006696264860233985,0.007528453460082792,0.011258949005193896,0.014812884487151526,-0.0005508939986752157,-0.00510233552188229,1.0943828551912897,False
2025-02-12,OXY,Earnings,Q4 2024: $0.60 EPS vs $0.54 est. Beat. But 2025 capex guide cut to $5.6B,2025-02-12 09:30:00,0.01073279197735163,0.008394835461589988,0.006802550571144707,0.008197460475832627,0.007866417068111604,0.001015113031090864,0.04030516620222033,0.37920519054493557,False
2025-04-22,LMT,Earnings,Q1 2025: $7.28 EPS vs $6.59 est. Big beat. Backlog $176B all-time high,2025-04-22 09:30:00,-0.012813326532208656,0.010377132323565467,0.011525759295769978,0.008968077417734803,0.008941123269120544,-0.015954569756990396,-0.025142406607740198,1.196363688378699,True
2025-04-22,RTX,Earnings,Q1 2025: $1.47 EPS vs $1.37 est. Beat. Defense orders +18%,2025-04-22 09:30:00,-0.07001868607054237,-0.08254548407337967,-0.08497486292815895,-0.08969708583764312,-0.09630883587076178,-0.0728395938690572,-0.07468839150520067,2.126384784015642,True
2025-04-23,GD,Earnings,Q1 2025: $3.20 EPS vs $2.99 est. Beat. Gulfstream + combat both growing,2025-04-23 09:30:00,-0.05377047856292519,-0.05842703344293724,-0.06083548089483291,-0.06454362676030923,-0.06104866889130611,-0.05687624528779402,-0.08052538298438111,0.8270306230918183,True
2025-04-24,NOC,Earnings,Q1 2025: $6.06 EPS vs $5.76 est. Beat. B-21 in low-rate production,2025-04-24 09:30:00,-0.020199402645472337,-0.020734005606942343,-0.029675453095333794,-0.035084601036962496,-0.03743877068766747,-0.02923102198923419,-0.014012308014595968,0.6101209248024392,True
2025-05-01,COP,Earnings,Q1 2025: $1.58 EPS vs $1.52 est. In-line. Production 2.35M BOEPD record,2025-05-01 09:30:00,0.008781216617680897,0.003593090268580469,0.006124163091938971,0.00998831486331748,0.013385968285025559,0.0070181392283855185,-0.016435956045074182,0.7104494982347761,False
2025-05-02,XOM,Earnings,Q1 2025: $1.76 EPS vs $1.71 est. In-line. Lower oil but volume growth offsetting,2025-05-02 09:30:00,-0.007152154227740708,-0.00961896504790765,-0.00959925399359576,-0.01064766772999225,-0.011415378281022251,-0.019915845701003344,-0.006924514688825972,0.6985822411475155,False
2025-05-02,CVX,Earnings,Q1 2025: $2.18 EPS vs $2.14 est. In-line. Tengiz ramp + Hess arbitration ongoing,2025-05-02 09:30:00,-0.0008415398648861858,0.00025289857900560094,0.00872220761018308,0.004519915098626117,0.0017301855714823861,-0.000764951981618904,-0.002293452038115956,0.8630273946066719,False
2025-05-06,OXY,Earnings,Q1 2025: $0.24 EPS vs $0.32 est. MISS. Lower oil prices + tariff fears,2025-05-06 09:30:00,0.010841168965696563,0.014039666763987244,0.017432063767582696,0.01422368247391331,0.011972259661724554,0.004774089820143797,0.07976483104230236,0.41713483441375165,True
