trade_id,entry_bar,exit_bar,primary,dependent,direction,hedge_ticker,event_type,event_date,position_size,entry_price_dep,exit_price_dep,beta,r2,score_at_entry,score_at_exit,holding_hours,gross_pnl,txn_cost,borrow_cost,net_pnl,exit_reason,dep_avg_hvol
1,2016-01-26 11:30:00,2016-02-02 11:30:00,LMT,EMKR,short,LMT,Earnings,2016-01-26,20000.0,5.83,5.82,1.0,0.0,0.45928775307657,,168,34.305317324184514,120.0,0.0,-85.69468267581549,convergence,13961.25
2,2016-01-26 11:30:00,2016-01-27 10:30:00,LMT,TTMI,long,LMT,Earnings,2016-01-26,19998.8,5.6,5.505,1.0,0.0,-2.930608360143433,,23,-339.26535714285626,59.9964,0.0,-399.26175714285625,convergence,22134.5
3,2016-01-28 11:30:00,2016-01-28 12:30:00,NOC,FEIM,short,NOC,Earnings,2016-01-28,19990.814764857143,8.98,8.9,1.0,0.0,14.06020535251708,,1,178.09189100095466,119.94488858914286,0.0,58.1470024118118,convergence,5878.5
4,2016-01-28 11:30:00,2016-01-28 12:30:00,NOC,SYPR,short,NOC,Earnings,2016-01-28,19989.615315971252,1.14,1.15,1.0,0.0,0.687756837196365,,1,-175.34750277167782,119.93769189582751,0.0,-295.2851946675053,convergence,50881.75
5,2016-01-29 11:30:00,2016-02-08 11:30:00,CVX,MUR,long,CVX,Earnings,2016-01-29,19986.072001012028,19.51,19.38,1.0,0.0,-5.647961546021362,,240,-133.17218657773523,59.95821600303608,0.0,-193.13040258077132,convergence,735044.0
6,2016-01-29 11:30:00,2016-02-08 11:30:00,CVX,RIG,long,CVX,Earnings,2016-01-29,19985.472418851998,10.3501,9.475,1.0,0.0,-3.02288847668191,,240,-1689.7698489615925,59.956417256555994,0.0,-1749.7262662181486,convergence,1496093.25
7,2016-01-29 11:30:00,2016-02-08 11:30:00,CVX,TPL,short,CVX,Earnings,2016-01-29,19984.872854679434,121.0101,120.055,1.0,0.0,10.286220646815275,,240,157.73519783475987,119.90923712807661,0.0,37.82596070668326,convergence,2963.75
8,2016-01-29 11:30:00,2016-02-05 11:30:00,XOM,PAGP,long,XOM,Earnings,2016-01-29,19983.673762308154,8.11,7.84,1.0,0.0,-6.096329301930848,,168,-665.3010993616762,59.951021286924465,0.0,-725.2521206486007,convergence,672810.0
9,2016-01-29 11:30:00,2016-02-04 13:30:00,XOM,IMO,short,XOM,Earnings,2016-01-29,19983.074252095284,30.54,31.32,1.0,0.0,3.5816314473189417,,146,-510.3732127254206,59.94922275628585,0.0,-570.3224354817064,convergence,52141.0
10,2016-02-04 11:30:00,2016-02-08 13:30:00,COP,SFL,short,COP,Earnings,2016-02-04,19981.960866214205,13.08,12.41,1.0,0.0,0.52805642699869,,98,1023.5408088962932,59.94588259864262,0.0,963.5949262976507,convergence,106475.75
11,2016-02-04 11:30:00,2016-02-17 09:30:00,COP,STR,long,COP,Earnings,2016-02-04,19981.36140738822,25.0,24.95,1.0,0.0,-0.5176642012233911,,310,-39.962722814777,59.944084222164655,0.0,-99.90680703694166,max_holding,1328556.0
12,2016-04-27 11:30:00,2016-05-11 11:30:00,GD,GHM,long,GD,Earnings,2016-04-27,19938.819764459276,18.95,18.432,1.0,0.0,5.182115253976722,,336,-545.0294795773044,119.63291858675566,0.0,-664.66239816406,max_holding,417.75
13,2016-04-29 11:30:00,2016-05-13 11:30:00,XOM,PAGP,long,XOM,Earnings,2016-04-29,19937.62343527341,9.7,9.815,1.0,0.0,5.487002134595033,,336,236.37388608829343,59.812870305820226,0.0,176.5610157824732,max_holding,555370.0
14,2016-04-29 11:30:00,2016-05-13 11:30:00,XOM,IMO,short,XOM,Earnings,2016-04-29,19937.02530657035,33.57,31.21,1.0,0.0,-3.1479089031404235,,336,1401.5901019811145,59.81107591971105,0.0,1341.7790260614033,max_holding,34825.5
15,2016-05-05 11:30:00,2016-05-13 09:30:00,OXY,TPL,long,OXY,Earnings,2016-05-05,19936.427195811153,151.3,163.055,1.0,0.0,3.150738128409095,,190,1548.9273079098482,119.6185631748669,0.0,1429.3087447349812,max_holding,798.75
16,2016-05-05 11:30:00,2016-05-13 09:30:00,OXY,STR,long,OXY,Earnings,2016-05-05,19935.231010179403,25.08,25.035,1.0,0.0,10.170979159098788,,190,-35.76895516180368,59.805693030538215,0.0,-95.5746481923419,max_holding,265435.5
17,2016-07-19 11:30:00,2016-07-19 12:30:00,LMT,EMKR,long,LMT,Earnings,2016-07-19,19982.567999263727,6.49,6.42,1.7010169940866469,0.4370236145319508,4.066084273405318,,1,-215.52846840500254,119.89540799558237,0.0,-335.4238764005849,convergence,43963.75
18,2016-07-19 11:30:00,2016-07-19 12:30:00,LMT,TTMI,long,LMT,Earnings,2016-07-19,19981.36904518377,8.23,8.201,1.0,0.0,7.1132038847202566,,1,-70.40822628315037,59.944107135551306,0.0,-130.35233341870168,convergence,29659.75
19,2016-07-26 11:30:00,2016-07-26 13:30:00,RTX,MTX,long,RTX,Earnings,2016-07-26,19973.252475067336,65.04,64.87,1.4681041612706898,0.9474397844020407,0.5875009867515102,,2,-52.2056107128149,59.91975742520201,0.0,-112.12536813801691,convergence,18825.0
20,2016-07-26 11:30:00,2016-08-01 15:30:00,RTX,MRCY,long,RTX,Earnings,2016-07-26,19972.653277493086,25.58,25.65,0.991799521140597,0.4705081325231839,4.538036306613488,,148,54.655423355141586,59.917959832479255,0.0,-5.262536477337669,convergence,20040.0
21,2016-07-29 11:30:00,2016-08-12 11:30:00,XOM,PAGP,long,XOM,Earnings,2016-07-29,19970.410788106252,10.495,11.6737,1.0,0.0,-1.9841484682669221,,336,2242.889299279739,59.91123236431875,0.0,2182.97806691542,max_holding,311882.5
22,2016-07-29 11:30:00,2016-08-01 10:30:00,XOM,IMO,long,XOM,Earnings,2016-07-29,19969.81167578261,30.66,29.87,1.0,0.0,-1.2178195140136618,,71,-514.5515728593687,59.90943502734783,0.0,-574.4610078867165,convergence,21520.25
23,2016-10-25 11:30:00,2016-11-02 09:30:00,LMT,TTMI,long,LMT,Earnings,2016-10-25,20003.075058155606,11.57,13.31,1.0,0.0,6.6595226600028425,,190,3008.2411928427623,60.00922517446682,0.0,2948.2319676682955,max_holding,169858.0
24,2016-10-26 11:30:00,2016-11-03 15:30:00,GD,GHM,short,GD,Earnings,2016-10-26,20002.47496590386,18.0,17.56,0.8045777649550383,0.12603559273951037,0.7472986841552571,,196,488.9493880554291,120.01484979542317,0.0,368.9345382600059,convergence,1623.5
25,2016-10-27 11:30:00,2016-11-10 11:30:00,COP,SFL,short,COP,Earnings,2016-10-27,20001.274817405905,13.455,13.4844,0.4810264657458686,0.406791509608984,-1.3253010138209187,,336,-43.70401186412106,60.003824452217714,0.0,-103.70783631633877,max_holding,124880.0
26,2016-10-27 11:30:00,2016-11-10 11:30:00,COP,TPL,long,COP,Earnings,2016-10-27,20000.67477916138,255.4705,274.1975,0.5906811445432973,0.11112265565615254,51.16404247506917,,336,1466.1287177554952,120.00404867496827,0.0,1346.124669080527,max_holding,12526.75
27,2016-10-28 11:30:00,2016-10-31 12:30:00,XOM,IMO,short,XOM,Earnings,2016-10-28,19999.47473867463,32.9096,32.69,1.0,0.0,2.936759214898496,,73,133.45299403860713,59.99842421602389,0.0,73.45456982258324,convergence,21500.0
28,2016-10-28 11:30:00,2016-11-11 11:30:00,CVX,MUR,long,CVX,Earnings,2016-10-28,19998.874754432472,27.99,27.346,4.427756073455502,0.8262971659193799,0.5054183919122105,,336,-460.13845451427227,59.99662426329742,0.0,-520.1350787775697,max_holding,633539.75
29,2016-10-28 11:30:00,2016-11-11 11:30:00,CVX,RIG,long,CVX,Earnings,2016-10-28,19998.27478818984,10.36,10.18,0.97470954047179,0.33999074860494805,2.2776316181651373,,336,-347.46037276777656,59.99482436456952,0.0,-407.4551971323461,max_holding,1398110.25
30,2016-12-12 11:30:00,2016-12-14 12:30:00,LMT,CVU,long,LMT,Regulatory,2016-12-12,20077.18401080771,8.05,7.875,0.8094269629810938,0.24769691470835664,-7.441705904411893,,49,-436.4605219740823,120.46310406484625,0.0,-556.9236260389285,convergence,12667.75
31,2016-12-12 11:30:00,2016-12-14 13:30:00,LMT,EMKR,long,LMT,Regulatory,2016-12-12,20075.97937976706,8.65,8.85,0.9902391712793569,0.14905598790775954,-4.2410070836347185,,50,464.18449432987256,120.45587627860236,0.0,343.7286180512702,convergence,31665.75
32,2016-12-12 11:30:00,2016-12-12 13:30:00,LMT,TTMI,long,LMT,Regulatory,2016-12-12,20074.774821004274,13.45,13.64,-0.464669541379179,0.02708195545678882,-7.260048156235331,,2,283.5841796275716,60.22432446301283,0.0,223.35985516455875,convergence,209757.5
33,2017-01-24 11:30:00,2017-01-25 14:30:00,LMT,CVU,long,LMT,Earnings,2017-01-24,20077.387307751247,8.3,8.25,0.7674794941135914,0.1861158702003498,-1.0873890262321442,,27,-120.94811631175621,120.4643238465075,0.0,-241.4124401582637,convergence,9629.25
34,2017-01-24 11:30:00,2017-01-27 10:30:00,LMT,TTMI,long,LMT,Earnings,2017-01-24,20076.18266451278,14.92,14.63,-0.37679208406411213,0.017743546994145043,-3.781018379386653,,71,-390.22070862658774,60.22854799353834,0.0,-450.4492566201261,convergence,244714.0
35,2017-01-25 11:30:00,2017-02-08 11:30:00,RTX,AIRI,long,RTX,Earnings,2017-01-25,20075.580379032846,3.1528,3.9,0.46886843737321054,0.12290582344002343,-4.564460999952295,,336,4757.825951285631,120.45348227419709,0.0,4637.372469011434,max_holding,6521.0
36,2017-01-25 11:30:00,2017-01-27 12:30:00,RTX,MTX,long,RTX,Earnings,2017-01-25,20074.375844210103,82.5,82.1,1.3827872115846147,0.8295817804119704,-3.4596694433425577,,49,-97.3303071234443,60.22312753263031,0.0,-157.55343465607461,convergence,8436.75
37,2017-01-25 11:30:00,2017-02-07 10:30:00,RTX,MRCY,short,RTX,Earnings,2017-01-25,20073.773612934776,33.12,34.26,0.9260070938651545,0.3606998537711803,11.396455570053716,,311,-690.9451062423207,60.22132083880433,0.0,-751.166427081125,convergence,101046.5
38,2017-01-27 11:30:00,2017-02-07 12:30:00,CVX,MUR,short,CVX,Earnings,2017-01-27,20061.14109450922,29.82,27.78,3.947494272730152,0.7564101231428895,0.8224424276308611,,265,1372.391946103246,60.18342328352767,0.0,1312.2085228197184,convergence,689554.75
39,2017-01-27 11:30:00,2017-02-03 13:30:00,CVX,RIG,short,CVX,Earnings,2017-01-27,20060.539260276386,14.74,13.925,1.4276262079760837,0.3628187320784484,4.753761319820152,,170,1109.1817840654846,60.181617780829164,0.0,1049.0001662846555,convergence,1623308.25
40,2017-07-25 11:30:00,2017-08-08 11:30:00,RTX,AIRI,short,RTX,Earnings,2017-07-25,20185.347299743247,1.49,1.425,0.4254185078221697,0.030216327536722543,4.40526011998587,,336,880.5688419351073,121.11208379845948,0.0,759.4567581366479,max_holding,11649.0
41,2017-07-25 11:30:00,2017-07-27 09:30:00,RTX,MTX,long,RTX,Earnings,2017-07-25,20184.136178905264,73.7,71.5,1.3554296414758031,0.771294716380508,-2.5196851811206047,,46,-602.5115277285161,60.552408536715795,0.0,-663.0639362652319,convergence,10170.5
42,2017-07-25 11:30:00,2017-07-25 14:30:00,RTX,MRCY,long,RTX,Earnings,2017-07-25,20183.530654819897,43.98,43.94,0.9655543940831562,0.33016074833662346,-0.418223910723901,,3,-18.357008326347856,60.550591964459684,0.0,-78.90760029080754,convergence,31828.0
43,2017-07-28 11:30:00,2017-08-03 12:30:00,CVX,DXC,long,CVX,Earnings,2017-07-28,20169.296748174143,78.4,78.53,1.0,0.0,0.663461560680331,,145,33.44398695487942,60.507890244522436,0.0,-27.063903289643015,convergence,109620.5
44,2017-07-28 11:30:00,2017-08-11 11:30:00,CVX,MUR,short,CVX,Earnings,2017-07-28,20168.6916692717,27.29,25.445,3.661435673537136,0.7188887025880926,-2.1127538087113593,,336,1363.5484107660777,60.5060750078151,0.0,1303.0423357582627,max_holding,902811.75
45,2017-07-28 11:30:00,2017-08-11 11:30:00,CVX,RIG,short,CVX,Earnings,2017-07-28,20168.08660852162,8.695,8.355,1.5409202847964931,0.38643586060188495,-1.5419899638193901,,336,788.6313337432257,60.50425982556485,0.0,728.1270739176608,max_holding,1884843.5
46,2017-07-28 11:30:00,2017-08-02 12:30:00,XOM,PAGP,long,XOM,Earnings,2017-07-28,20167.481565923365,27.32,26.9,5.721651615398267,0.18590595931898546,-0.9766762995126929,,121,-310.0418103106826,60.502444697770095,0.0,-370.5442550084527,convergence,84037.25
47,2017-07-28 11:30:00,2017-08-02 10:30:00,XOM,IMO,short,XOM,Earnings,2017-07-28,20166.876541476388,29.26,29.07,1.0324877247003292,0.5303083988341624,0.39745858048253635,,119,130.95374377582158,60.50062962442916,0.0,70.45311415139241,convergence,63218.25
48,2017-07-28 11:30:00,2017-08-02 10:30:00,XOM,PUMP,long,XOM,Earnings,2017-07-28,20166.271535180145,13.46,12.645,1.0,0.0,-0.3461958590605217,,119,-1221.063246743822,60.49881460554043,0.0,-1281.5620613493625,convergence,116056.75
49,2017-10-24 11:30:00,2017-10-24 12:30:00,LMT,AIRI,long,LMT,Earnings,2017-10-24,20194.14605025846,1.3901,1.39,-0.7662603837277455,0.05020087449925703,-0.831502820627923,,1,-1.4527117509716017,121.16487630155075,0.0,-122.61758805252235,convergence,2853.75
50,2017-10-24 11:30:00,2017-11-07 11:30:00,LMT,CVU,short,LMT,Earnings,2017-10-24,20192.934401495444,8.75,8.65,1.0300596899250398,0.153544779533776,0.8051346851748826,,336,230.77639315994713,121.15760640897267,0.0,109.61878675097446,max_holding,1748.5
51,2017-10-24 11:30:00,2017-11-07 11:30:00,LMT,EMKR,long,LMT,Earnings,2017-10-24,20191.722825431356,8.4,7.45,0.911878292388388,0.1158606278309191,-1.3753987144993651,,336,-2283.587700495213,121.15033695258812,0.0,-2404.738037447801,max_holding,11819.0
52,2017-10-25 11:30:00,2017-11-08 11:30:00,GD,GHM,short,GD,Earnings,2017-10-25,20189.270619063795,19.85,18.264,0.8779063826199789,0.17954714531221538,31.20867944590104,,336,1613.1074660874165,121.13562371438276,0.0,1491.9718423730337,max_holding,9420.5
53,2017-10-26 11:30:00,2017-10-30 11:30:00,COP,SFL,short,COP,Earnings,2017-10-26,20188.05926282665,14.55,14.85,0.4996834185502493,0.36185306705485065,-1.0292107241574011,,96,-416.2486445943624,60.56417778847995,0.0,-476.81282238284234,convergence,52920.25
54,2017-10-26 11:30:00,2017-10-30 09:30:00,COP,TPL,short,COP,Earnings,2017-10-26,20187.453621048764,395.9999,389.7008,0.4735064827095399,0.08047611773317287,-8.483429529533236,,94,321.1182353943737,121.12472172629258,0.0,199.9935136680811,convergence,3082.25
55,2017-10-27 11:30:00,2017-11-01 12:30:00,CVX,DXC,long,CVX,Earnings,2017-10-27,20186.2423738315,91.6,91.09,0.9295461298996582,0.48227505399825576,-0.7536417694347407,,121,-112.39065077133058,60.5587271214945,0.0,-172.94937789282508,convergence,89067.0
56,2017-10-27 11:30:00,2017-11-10 11:30:00,CVX,MUR,long,CVX,Earnings,2017-10-27,20185.636786560288,25.18,28.94,3.243269827728632,0.633270979563663,-1.5304919122978753,,336,3014.217407365636,60.55691035968086,0.0,2953.660497005955,max_holding,232472.75
57,2018-01-24 11:30:00,2018-02-07 11:30:00,GD,GHM,long,GD,Earnings,2018-01-24,20225.7085865389,21.735,21.31,1.0786651970809675,0.21338878645847892,1.0261553270451005,,336,-395.4877455384885,121.3542515192334,0.0,-516.841997057722,max_holding,1349.75
58,2018-01-25 11:30:00,2018-02-08 11:30:00,NOC,MRCY,long,NOC,Earnings,2018-01-25,20224.495044023708,46.7,43.31,0.6424181535171567,0.1037478249953886,5.418460147191989,,336,-1468.116449662535,60.67348513207112,0.0,-1528.789934794606,max_holding,63573.5
59,2018-02-02 11:30:00,2018-02-16 11:30:00,XOM,PAGP,long,XOM,Earnings,2018-02-02,20223.888309172384,20.89,22.675,4.508939003606962,0.13897820247003134,-1.8120754270273598,,336,1728.0823662935716,60.671664927517156,0.0,1667.4107013660544,max_holding,267126.0
60,2018-02-02 11:30:00,2018-02-06 15:30:00,XOM,IMO,short,XOM,Earnings,2018-02-02,20223.281592523108,30.3,28.77,0.9376177571615764,0.4010590737914258,0.44347134016373524,,100,1021.1756051670092,60.669844777569324,0.0,960.5057603894398,convergence,111345.25
61,2018-02-02 11:30:00,2018-02-02 12:30:00,XOM,PUMP,short,XOM,Earnings,2018-02-02,20222.674894075335,18.31,18.23,1.0,0.0,2.5341334056480447,,1,88.35685371523715,60.66802468222601,0.0,27.68882903301114,convergence,281742.0
62,2018-02-14 11:30:00,2018-03-02 11:30:00,OXY,PUMP,long,OXY,Earnings,2018-02-14,20203.953123041025,15.48,16.35,0.8063699508053397,0.3223523162224853,-3.40121857531532,,384,1135.493489473237,60.611859369123074,0.0,1074.881630104114,max_holding,235696.75
63,2018-03-07 11:30:00,2018-03-07 13:30:00,XOM,PAGP,long,XOM,Corporate,2018-03-07,20259.405686319707,21.52,21.245,3.6708500772150994,0.11935043888087504,-1.1350313553935227,,2,-258.89110426291313,60.77821705895913,0.0,-319.66932132187225,convergence,181798.5
64,2018-03-07 11:30:00,2018-03-09 10:30:00,XOM,IMO,long,XOM,Corporate,2018-03-07,20258.797904149116,27.08,27.525,0.9317711565878561,0.4456342307697938,-1.9852725762872405,,47,332.90860662283467,60.77639371244735,0.0,272.1322129103873,convergence,54727.5
65,2018-04-24 11:30:00,2018-05-08 11:30:00,LMT,EMKR,long,LMT,Earnings,2018-04-24,20258.45494415148,4.65,4.85,0.5699101875321292,0.04720017465209014,-2.3913795137003953,,336,871.3313954473723,121.55072966490889,0.0,749.7806657824634,max_holding,20179.0
66,2018-04-24 11:30:00,2018-05-03 12:30:00,RTX,MTX,long,RTX,Earnings,2018-04-24,20257.239436854827,72.15,67.3,1.1507941134824606,0.6474701299625518,1.1852057845585502,,217,-1361.7132538980745,60.771718310564474,0.0,-1422.484972208639,convergence,9063.75
67,2018-04-24 11:30:00,2018-05-08 11:30:00,RTX,MRCY,long,RTX,Earnings,2018-04-24,20256.63171967172,44.06,34.17,0.8197759204446937,0.2745216419793275,3.9386012350447435,,336,-4546.937987007565,60.769895159015164,0.0,-4607.707882166581,max_holding,45918.5
68,2018-04-25 11:30:00,2018-05-09 11:30:00,GD,GHM,long,GD,Earnings,2018-04-25,20256.02402072013,21.86,24.13,0.9149191729081815,0.17638303378617615,-3.55908416004162,,336,2103.4389079155853,121.53614412432078,0.0,1981.9027637912645,max_holding,3130.75
69,2018-04-27 11:30:00,2018-05-11 11:30:00,XOM,PAGP,long,XOM,Earnings,2018-04-27,20254.80865927889,24.81,24.23,3.314805981749318,0.11416742046875472,-1.5110361797920904,,336,-473.5102387094608,60.764425977836666,0.0,-534.2746646872974,max_holding,109056.0
70,2018-04-27 11:30:00,2018-05-11 11:30:00,XOM,IMO,long,XOM,Earnings,2018-04-27,20254.20101501911,30.96,32.56,0.9199352622069585,0.4721854231721778,-9.615172539123822,,336,1046.7287346263115,60.76260304505733,0.0,985.9661315812542,max_holding,60923.0
71,2018-04-27 11:30:00,2018-05-01 15:30:00,XOM,PUMP,long,XOM,Earnings,2018-04-27,20253.593388988662,18.49,18.08,1.3919821756788067,0.34210264322930517,-0.4782164626931337,,100,-449.10618115118194,60.76078016696599,0.0,-509.86696131814796,convergence,142434.0
72,2018-04-27 11:30:00,2018-05-11 11:30:00,CVX,MUR,long,CVX,Earnings,2018-04-27,20252.985781186988,30.13,30.18,2.833779290371198,0.586283362341669,1.3081143585169357,,336,33.60933584664334,60.75895734356097,0.0,-27.149621496917632,max_holding,214497.0
73,2018-04-27 11:30:00,2018-05-11 11:30:00,CVX,RIG,long,CVX,Earnings,2018-04-27,20252.378191613552,12.49,13.2605,1.6354131953097417,0.41935945617310044,0.5032304783841917,,336,1249.3560765923335,60.75713457484066,0.0,1188.5989420174928,max_holding,1267436.0
74,2018-06-06 11:30:00,2018-06-12 09:30:00,NOC,SYPR,long,NOC,Corporate,2018-06-06,20214.55023217737,1.62,1.58,1.077413409975363,0.09374955406424246,1.650315144007041,,142,-499.12469709079966,121.28730139306423,0.0,-620.4119984838638,convergence,8996.25
75,2018-06-06 11:30:00,2018-06-06 14:30:00,NOC,MRCY,short,NOC,Corporate,2018-06-06,20213.33735916344,38.2,37.27,0.8856095267663489,0.18075519941265827,-0.7138982534793156,,3,492.1048100529317,60.64001207749032,0.0,431.4647979754414,convergence,33539.25
76,2018-07-24 11:30:00,2018-07-24 13:30:00,LMT,EMKR,short,LMT,Earnings,2018-07-24,20210.771288167205,4.9,4.875,0.9782429927963454,0.1616150915599195,10.090575452973344,,2,103.11618004167087,121.26462772900322,0.0,-18.14844768733235,convergence,48344.25
77,2018-07-24 11:30:00,2018-08-07 11:30:00,RTX,MTX,short,RTX,Earnings,2018-07-24,20209.558641889915,74.9,68.6,0.7195260903644758,0.3121700304967965,-0.5943371902479019,,336,1699.8694184767248,60.62867592566975,0.0,1639.240742551055,max_holding,14010.0
78,2018-07-24 11:30:00,2018-08-07 11:30:00,RTX,MRCY,long,RTX,Earnings,2018-07-24,20208.952355130656,40.02,49.02,0.8832760903708523,0.14067789868388736,2.928476565901364,,336,4544.741908949923,60.626857065391974,0.0,4484.115051884531,max_holding,36239.5
79,2018-07-25 11:30:00,2018-07-26 15:30:00,GD,GHM,short,GD,Earnings,2018-07-25,20209.195763883545,26.04,25.98,0.6670246605550034,0.10547060205807879,-2.483926379007577,,28,46.56496719788736,121.25517458330127,0.0,-74.69020738541391,convergence,767.5
80,2018-07-25 11:30:00,2018-07-25 13:30:00,NOC,SYPR,long,NOC,Earnings,2018-07-25,20207.98321213771,1.54,1.539,1.0093427438636888,0.08720620983976668,-0.5557071041295407,,2,-13.122067020870112,121.24789927282627,0.0,-134.3699662936964,convergence,2347.25
81,2018-07-27 11:30:00,2018-08-10 11:30:00,CVX,DXC,long,CVX,Earnings,2018-07-27,20205.014560409963,86.0,86.42,0.6690508033888678,0.2801807393888136,2.7437840246234373,,336,98.67565250432813,60.61504368122989,0.0,38.060608823098235,max_holding,153831.5
82,2018-07-27 11:30:00,2018-08-01 15:30:00,CVX,MUR,long,CVX,Earnings,2018-07-27,20204.40840997315,32.52,32.67,0.9690405428986985,0.3607610199134623,3.881356006689474,,124,93.19376572865755,60.61322522991946,0.0,32.580540498738095,convergence,95004.0
83,2018-07-27 11:30:00,2018-07-27 14:30:00,XOM,PAGP,long,XOM,Earnings,2018-07-27,20203.80227772085,24.39,23.87,2.652982670921028,0.08896787922610594,-1.0133558448358895,,3,-430.7493720547287,60.611406833162555,0.0,-491.3607788878913,convergence,173241.5
84,2018-07-27 11:30:00,2018-08-10 11:30:00,XOM,IMO,short,XOM,Earnings,2018-07-27,20203.19616365252,33.44,31.95,0.7531500292713916,0.37494330560518907,0.6333150625824654,,336,900.202221406765,60.609588490957556,0.0,839.5926329158075,max_holding,75299.25
85,2018-07-27 11:30:00,2018-08-10 11:30:00,XOM,PUMP,long,XOM,Earnings,2018-07-27,20202.590067767607,15.5,17.35,0.21218474489117634,0.0070759232667712,-24.083829316647087,,336,2411.276879056136,60.60777020330283,0.0,2350.6691088528332,max_holding,203171.75
86,2018-10-23 11:30:00,2018-10-25 13:30:00,RTX,AIRI,long,RTX,Earnings,2018-10-23,20384.085073872637,1.32,1.3247,0.6869701857713228,0.04539377957472579,4.402243590423631,,50,72.57969685393931,122.30451044323581,0.0,-49.7248135892965,convergence,5768.0
87,2018-10-23 11:30:00,2018-10-24 12:30:00,RTX,CVU,short,RTX,Earnings,2018-10-23,20382.862028768206,6.69,6.8201,0.22239218249459536,0.00683062247628663,-10.093936170232887,,25,-396.3842077642356,122.29717217260922,0.0,-518.6813799368448,convergence,4457.5
88,2018-10-23 11:30:00,2018-11-01 15:30:00,RTX,MTX,long,RTX,Earnings,2018-10-23,20381.63905704648,56.45,56.56,0.7698366600389568,0.2914384713268833,2.6345770571421325,,220,39.71621428299559,61.14491717113943,0.0,-21.428702888143846,convergence,14645.0
89,2018-10-23 11:30:00,2018-10-24 13:30:00,RTX,MRCY,long,RTX,Earnings,2018-10-23,20381.027607874767,46.14,46.01,0.672365522578571,0.09706799727887672,2.2845309726999177,,26,-57.423788231984645,61.1430828236243,0.0,-118.56687105560894,convergence,37595.0
90,2018-10-24 11:30:00,2018-11-07 11:30:00,GD,GHM,long,GD,Earnings,2018-10-24,20380.41617704653,24.32,25.31,0.7175312846736303,0.12365960867937087,-3.9848078101814712,,336,829.6304282597052,122.28249706227916,0.0,707.3479311974261,max_holding,2043.5
91,2019-01-22 11:30:00,2019-01-23 13:30:00,LMT,AIRI,short,LMT,Earnings,2019-01-22,20384.063997147186,0.9809,0.98,-0.5784644223107394,0.027904880646605124,-0.5427068846078275,,26,18.70288265616547,122.30438398288311,0.0,-103.60150132671764,convergence,1143.25
92,2019-01-22 11:30:00,2019-01-29 10:30:00,LMT,CVU,long,LMT,Earnings,2019-01-22,20382.840953307357,6.95,7.01,0.8901616338138674,0.09733923863610816,6.630598846611306,,167,175.9669722587674,122.29704571984415,0.0,53.669926538923264,convergence,4590.75
93,2019-01-22 11:30:00,2019-01-24 15:30:00,LMT,EMKR,short,LMT,Earnings,2019-01-22,20381.61798285016,4.66,4.51,0.4362300849708314,0.04709475048270417,-10.699626992238192,,52,656.0606646840195,122.28970789710095,0.0,533.7709567869185,convergence,5537.0
94,2019-01-30 11:30:00,2019-02-13 11:30:00,GD,GHM,long,GD,Earnings,2019-01-30,20393.74078478717,22.51,21.65,0.7272267023285064,0.15533279474892292,-2.7150969279013872,,336,-779.1478043055098,122.36244470872302,0.0,-901.5102490142328,max_holding,1443.0
95,2019-01-31 11:30:00,2019-01-31 14:30:00,RTX,AIRI,short,RTX,Earnings,2019-01-31,20392.51716034008,0.988879,0.9902,0.32434517907068766,0.012838686282081846,12.257974972291901,,3,-27.24146752920184,122.35510296204048,0.0,-149.59657049124232,convergence,413.25
96,2019-01-31 11:30:00,2019-02-01 10:30:00,RTX,MTX,long,RTX,Earnings,2019-01-31,20391.293609310458,58.12,60.42,0.734473069817917,0.303907926163262,-5.45751562945519,,23,806.9507106230925,61.17388082793137,0.0,745.7768297951611,convergence,12294.25
97,2019-01-31 11:30:00,2019-01-31 15:30:00,RTX,MRCY,long,RTX,Earnings,2019-01-31,20390.68187050218,59.3,58.61,0.681558101438968,0.11620727661147767,-17.425745733765986,,4,-237.26088517110387,61.17204561150654,0.0,-298.4329307826104,convergence,115986.25
98,2019-01-31 11:30:00,2019-02-08 14:30:00,COP,TPL,short,COP,Earnings,2019-01-31,20390.070150046064,704.0,698.19,0.6299498213744668,0.06330368531462804,-4.464800239945821,,195,168.276005073532,122.34042090027637,0.0,45.93558417325562,convergence,3482.25
99,2019-02-01 11:30:00,2019-02-04 13:30:00,XOM,PAGP,long,XOM,Earnings,2019-02-01,20397.2487027015,23.1,23.355,1.8408711249608536,0.05717120779747542,2.332949857723522,,74,225.1644337311196,61.191746108104496,0.0,163.9726876230151,convergence,139312.75
100,2019-02-01 11:30:00,2019-02-04 13:30:00,XOM,IMO,long,XOM,Earnings,2019-02-01,20396.636785240422,27.27,27.58,0.8399567970314139,0.47793948381288387,14.193603782640707,,74,231.86495795469398,61.18991035572126,0.0,170.67504759897272,convergence,86614.25
101,2019-02-01 11:30:00,2019-02-04 12:30:00,XOM,PUMP,long,XOM,Earnings,2019-02-01,20396.024886136864,16.56,17.11,0.5803595333630324,0.06164640581405212,3.9691067690862045,,73,677.4042081748363,61.18807465841059,0.0,616.2161335164257,convergence,89873.25
102,2019-02-01 11:30:00,2019-02-04 12:30:00,XOM,PVL,long,XOM,Earnings,2019-02-01,20395.41300539028,2.52,2.4601,1.0,0.0,7.1581975805455,,73,-484.795729770982,122.37247803234169,0.0,-607.1682078033236,convergence,9362.0
103,2019-02-01 11:30:00,2019-02-01 15:30:00,CVX,DXC,long,CVX,Earnings,2019-02-01,20394.189280609957,65.05,65.1,0.5199585252178289,0.13157337056876162,1.7693332330447722,,4,15.675779616148192,61.18256784182987,0.0,-45.50678822568168,convergence,216172.75
104,2019-02-01 11:30:00,2019-02-15 11:30:00,CVX,MUR,short,CVX,Earnings,2019-02-01,20393.57745493154,28.45,28.98,0.8184304127843629,0.3119436431886474,-6.351348435864347,,336,-379.9155026753511,61.180732364794615,0.0,-441.0962350401457,max_holding,352646.5
105,2019-02-01 11:30:00,2019-02-01 14:30:00,CVX,RIG,short,CVX,Earnings,2019-02-01,20392.965647607893,8.9,8.7277,2.088723337653665,0.5375091997795098,-2.3838628750692425,,3,394.7986495598694,61.178896942823684,0.0,333.6197526170457,convergence,1567423.25
106,2019-04-12 11:30:00,2019-04-25 11:30:00,CVX,DXC,long,CVX,Corporate,2019-04-12,20386.3984858665,65.605,64.23,0.46658522963080673,0.1067607457229639,-1.928229747144555,,312,-427.27380410130985,61.1591954575995,0.0,-488.43299955890933,convergence,159967.0
107,2019-04-12 11:30:00,2019-04-23 10:30:00,CVX,MUR,long,CVX,Corporate,2019-04-12,20385.78689391192,29.53,29.25,0.5988190468752285,0.19504493170961146,-5.1472643812140175,,263,-193.29564274620253,61.157360681735774,0.0,-254.4530034279383,convergence,247000.25
108,2019-04-12 11:30:00,2019-04-17 12:30:00,CVX,RIG,long,CVX,Corporate,2019-04-12,20385.175320305105,8.87,8.78,1.6404489477095976,0.46833397622109674,-1.0113958772789802,,121,-206.8394339151586,61.15552596091531,0.0,-267.9949598760739,convergence,1541836.75
109,2019-04-12 11:30:00,2019-04-17 09:30:00,CVX,TPL,long,CVX,Corporate,2019-04-12,20384.563765045496,895.0,892.32,0.3845093433562343,0.09294535264887394,-9.9728501489594,,118,-61.03981105063789,122.30738259027298,0.0,-183.34719364091086,convergence,5080.25
110,2019-04-12 11:30:00,2019-04-29 11:30:00,OXY,PUMP,short,OXY,Corporate,2019-04-12,20383.340691219593,23.51,23.36,0.2845205042863501,0.05321925959050822,3.846336179935119,,408,130.0510890549971,61.150022073658775,0.0,68.90106698133833,max_holding,175631.25
111,2019-04-23 11:30:00,2019-05-07 11:30:00,LMT,AIRI,long,LMT,Earnings,2019-04-23,20371.059490552285,1.05,1.284,-0.6094957985441747,0.034410349334209944,2.87058157462594,,336,4539.836115037366,122.2263569433137,0.0,4417.609758094052,max_holding,2978.5
112,2019-04-23 11:30:00,2019-05-07 11:30:00,LMT,CVU,long,LMT,Earnings,2019-04-23,20369.837226982854,6.5814,6.45,0.8411924329104685,0.09525957416994268,2.5734625256963426,,336,-406.6910705359879,122.21902336189711,0.0,-528.910093897885,max_holding,4271.25
113,2019-04-23 11:30:00,2019-04-23 15:30:00,LMT,EMKR,long,LMT,Earnings,2019-04-23,20368.615036749234,4.1,4.12,0.34363652948694784,0.03062843138574667,3.4214927521610914,,4,99.35909774024246,122.21169022049541,0.0,-22.85259248025295,convergence,7121.25
114,2019-04-24 11:30:00,2019-04-30 10:30:00,NOC,MRCY,long,NOC,Earnings,2019-04-24,20368.15798489963,73.11,72.9,0.5176443730697431,0.09160704525672692,-7.69658903457306,,143,-58.505172710009504,61.10447395469889,0.0,-119.6096466647084,convergence,70964.25
115,2019-04-26 11:30:00,2019-05-10 11:30:00,XOM,PAGP,long,XOM,Earnings,2019-04-26,20358.38987212348,23.75,24.45,1.450556499706456,0.043692070734092314,-2.607502102274168,,336,600.0367541257441,61.07516961637044,0.0,538.9615845093737,max_holding,50190.25
116,2019-04-26 11:30:00,2019-04-30 14:30:00,XOM,IMO,short,XOM,Earnings,2019-04-26,20357.779120427316,28.985,29.07,0.7644718374982161,0.4609626069371243,4.886368709555228,,99,-59.70023202471414,61.07333736128195,0.0,-120.7735693859961,convergence,75035.25
117,2019-04-26 11:30:00,2019-05-10 11:30:00,XOM,PVL,long,XOM,Earnings,2019-04-26,20357.168387053705,3.26,3.215,1.0,0.0,-5.430741184143136,,336,-281.00385810350167,122.14301032232223,0.0,-403.14686842582387,max_holding,17555.75
118,2019-05-09 11:30:00,2019-05-23 11:30:00,CVX,DXC,long,CVX,Corporate,2019-05-09,20434.569039389968,59.47,52.25,0.4375424755955005,0.09812418307062287,2.941104875513455,,336,-2480.874196475459,61.3037071181699,0.0,-2542.177903593629,max_holding,260092.75
119,2019-05-09 11:30:00,2019-05-17 11:30:00,CVX,MUR,long,CVX,Corporate,2019-05-09,20433.956002318788,27.27,27.22,0.5488557977841061,0.1605178894204422,1.7435571500948366,,192,-37.465999270845394,61.30186800695637,0.0,-98.76786727780177,convergence,330233.25
120,2019-05-09 11:30:00,2019-05-17 10:30:00,CVX,RIG,long,CVX,Corporate,2019-05-09,20433.34298363872,7.44,7.585,1.4763144584340937,0.3873394247292171,3.912499467803387,,191,398.23047481553834,61.30002895091616,0.0,336.9304458646222,convergence,1752857.5
121,2019-06-10 11:30:00,2019-06-24 09:30:00,RTX,MTX,long,RTX,Corporate,2019-06-09,20393.03720901089,57.18,53.62,0.6875758801839601,0.3285964160596786,-1.8497501164025418,,334,-1269.660938511347,122.35822325406534,0.0,-1392.0191617654123,max_holding,6700.75
122,2019-06-10 11:30:00,2019-06-21 13:30:00,RTX,MRCY,long,RTX,Corporate,2019-06-09,20391.81362677835,69.45,69.57,0.531017413092385,0.09663654721069759,-7.875687180521613,,266,35.23423520825349,61.17544088033504,0.0,-25.94120567208155,convergence,46768.0
123,2019-07-24 11:30:00,2019-07-26 11:30:00,NOC,MRCY,long,NOC,Earnings,2019-07-24,20364.67800166214,70.51,70.7006,0.4445730085611904,0.08421571804975769,8.100838106034088,,48,55.04903740060394,61.094034004986426,0.0,-6.044996604382483,convergence,41363.25
124,2019-08-06 11:30:00,2019-08-20 11:30:00,OXY,PUMP,short,OXY,Earnings,2019-08-06,20364.557101730054,15.6,11.71,0.23962650748403508,0.03384495159121215,33.888857447826005,,336,5078.085072162172,61.09367130519016,0.0,5016.991400856981,max_holding,162889.75
125,2019-09-30 11:30:00,2019-09-30 14:30:00,LMT,AIRI,long,LMT,Corporate,2019-09-30,20464.896929747196,1.34,1.3,0.48796000558594677,0.055272050223994285,24.758849565392506,,3,-610.8924456640959,122.78938157848317,0.0,-733.6818272425791,convergence,1640.25
126,2019-10-23 11:30:00,2019-11-06 11:30:00,GD,GHM,long,GD,Earnings,2019-10-23,20450.223293202343,20.71,22.93,0.44186003242286076,0.07572906954735215,-3.160116910143752,,336,2192.153341907734,122.70133975921406,0.0,2069.45200214852,max_holding,2008.75
127,2019-10-29 11:30:00,2019-10-30 13:30:00,COP,TPL,long,COP,Earnings,2019-10-29,20448.996279804753,598.0,596.7623,0.6688292825557272,0.18857956821277633,16.359683293539614,,26,-42.323950995843994,122.69397767882852,0.0,-165.0179286746725,convergence,2815.5
128,2019-11-01 11:30:00,2019-11-06 11:30:00,CVX,DXC,long,CVX,Earnings,2019-11-01,20445.695921231258,28.26,28.965,0.47199595347251305,0.05901575186726138,-1.305952283405399,,120,510.0571700094834,61.33708776369378,0.0,448.7200822457896,convergence,297631.5
129,2019-11-01 11:30:00,2019-11-05 12:30:00,CVX,MUR,long,CVX,Earnings,2019-11-01,20445.08255035362,21.97,23.985,0.5507960074576853,0.13266379021810126,-31.66040846212364,,97,1875.1407072809538,61.33524765106087,0.0,1813.805459629893,convergence,770117.0
130,2019-11-01 11:30:00,2019-11-06 11:30:00,CVX,RIG,long,CVX,Earnings,2019-11-01,20444.46919787711,4.965,5.344,1.2784846893904869,0.26577718047127197,-7.7347346028822335,,120,1560.6150706939445,61.333407593631335,0.0,1499.2816631003132,convergence,3103857.75
131,2020-01-31 11:30:00,2020-02-07 12:30:00,XOM,PAGP,short,XOM,Earnings,2020-01-31,20563.54811877134,16.7804,16.73,0.6868648255426659,0.011768964776242896,0.7400970650758613,,169,61.76270084062782,61.690644356314024,0.0,0.07205648431379785,convergence,654840.0
132,2020-01-31 11:30:00,2020-02-05 09:30:00,XOM,IMO,long,XOM,Earnings,2020-01-31,20562.931212327778,23.91,23.82,0.6501113770649873,0.41262090202236856,-3.4797748900749257,,118,-77.40124672143442,61.68879363698333,0.0,-139.09004035841775,convergence,120979.5
133,2020-01-31 11:30:00,2020-02-04 12:30:00,XOM,PVL,long,XOM,Earnings,2020-01-31,20562.314324391406,1.995,1.926,0.9841340911180692,0.21112722696548358,-8.838223881220541,,97,-711.1777886631631,123.37388594634842,0.0,-834.5516746095116,convergence,14062.0
134,2020-04-03 11:30:00,2020-04-09 11:30:00,RTX,AIRI,long,RTX,Corporate,2020-04-03,20544.076725601666,0.97,1.0545,0.6556936186269116,0.14417358692805626,-0.792419186344495,,144,1789.6644157869498,123.26446035360999,0.0,1666.3999554333398,convergence,1685.25
135,2020-04-03 11:30:00,2020-04-20 11:30:00,RTX,CVU,long,RTX,Corporate,2020-04-03,20542.84408099813,1.95,3.16,1.1695610894544421,0.5016616264482282,-0.8220261079160502,,408,12747.098122055251,123.25706448598876,0.0,12623.841057569263,max_holding,10474.25
136,2020-04-03 11:30:00,2020-04-20 09:30:00,RTX,MTX,long,RTX,Corporate,2020-04-03,20541.611510353272,32.17,38.36,0.8335396291212793,0.6336433644446309,-0.6535002739155491,,406,3952.5202129029126,61.62483453105981,0.0,3890.895378371853,max_holding,12041.25
137,2020-04-03 11:30:00,2020-04-07 10:30:00,RTX,MRCY,long,RTX,Corporate,2020-04-03,20540.99526200796,66.57,73.86,0.38641505864781084,0.18403835964654502,-0.7067470375552598,,95,2249.4194901613064,61.622985786023875,0.0,2187.7965043752824,convergence,18167.0
138,2020-04-09 11:30:00,2020-04-13 10:30:00,CVX,DXC,long,CVX,Corporate,2020-04-09,20619.311835807668,16.6107,15.72,1.4858469922973832,0.45664654616845235,-6.766176755365724,,95,-1105.6500359499541,61.857935507423,0.0,-1167.5079714573772,convergence,716625.75
139,2020-04-09 11:30:00,2020-04-13 10:30:00,CVX,MUR,long,CVX,Corporate,2020-04-09,20618.693256452596,8.4599,8.24,1.694227939386352,0.563746081362411,-23.29116909250461,,95,-535.9461278613113,61.856079769357784,0.0,-597.802207630669,convergence,1964808.25
140,2020-04-09 11:30:00,2020-04-13 10:30:00,CVX,RIG,long,CVX,Corporate,2020-04-09,20618.074695654905,1.55,1.515,1.9901373807655656,0.6121807567755567,-28.05691279711799,,95,-465.56942861156426,61.85422408696471,0.0,-527.4236526985289,convergence,10943297.0
141,2020-04-21 11:30:00,2020-04-22 10:30:00,LMT,AIRI,short,LMT,Earnings,2020-04-21,20905.600706880934,1.1999,1.16,1.3637613537773556,0.2903313004587287,-1.1450442012279312,,23,695.1691542666474,125.43360424128561,0.0,569.7355500253618,convergence,3761.5
142,2020-04-21 11:30:00,2020-04-21 13:30:00,LMT,EMKR,short,LMT,Earnings,2020-04-21,20904.34637083852,2.46,2.5898,0.6236360176151291,0.14921048789045332,-0.5922219059491076,,2,-1103.001690623918,125.42607822503112,0.0,-1228.4277688489492,convergence,4417.5
143,2020-04-21 11:30:00,2020-04-21 13:30:00,LMT,TTMI,long,LMT,Earnings,2020-04-21,20903.09211005627,10.03,10.015,1.0123764388439032,0.19232525079063623,8.896320342084339,,2,-31.260855598287023,62.70927633016881,0.0,-93.97013192845583,convergence,144501.25
144,2020-04-29 11:30:00,2020-05-08 14:30:00,GD,GHM,long,GD,Earnings,2020-04-29,20890.54745986589,13.85,11.2,0.7967478735294939,0.4048669246225608,-12.99947366891511,,219,-3997.108358746904,125.34328475919534,0.0,-4122.4516435061,convergence,3464.75
145,2020-04-29 11:30:00,2020-05-05 14:30:00,NOC,SYPR,long,NOC,Earnings,2020-04-29,20889.2940270183,0.7187,0.6534,0.5086756787334943,0.03517354675932827,-6.283584966385882,,147,-1897.9698065455618,125.3357641621098,0.0,-2023.3055707076717,convergence,3937.25
146,2020-07-28 11:30:00,2020-07-29 09:30:00,RTX,AIRI,short,RTX,Earnings,2020-07-28,20767.632315581617,1.19,1.195,0.39525645058464054,0.09967013874363762,17.76452923821474,,22,-87.25895930916847,124.6057938934897,0.0,-211.86475320265816,convergence,2737.75
147,2020-07-28 11:30:00,2020-07-29 09:30:00,RTX,CVU,short,RTX,Earnings,2020-07-28,20766.386257642684,3.38,3.34,0.6081980834046016,0.26106459497813805,2.5435102256526707,,22,245.75605038630417,124.59831754585609,0.0,121.15773284044808,convergence,19785.75
148,2020-07-28 11:30:00,2020-07-29 09:30:00,RTX,MTX,short,RTX,Earnings,2020-07-28,20765.140274467223,47.65,47.7,0.5637010112869463,0.4871708964779736,7.465582182697698,,22,-21.789234285906605,62.29542082340166,0.0,-84.08465510930827,convergence,16278.25
149,2020-07-31 11:30:00,2020-08-14 11:30:00,CVX,DXC,long,CVX,Earnings,2020-07-31,20764.13648207219,17.6379,20.575,1.537872139981178,0.5027237533539378,-2.028811132563709,,336,3457.6874379316278,62.292409446216574,0.0,3395.3950284854113,max_holding,230268.25
150,2020-07-31 11:30:00,2020-08-13 12:30:00,CVX,MUR,short,CVX,Earnings,2020-07-31,20763.513557977727,13.055,15.225,1.8734194814032938,0.5957127736555943,0.9638867442572863,,313,-3451.3078836316863,62.29054067393318,0.0,-3513.5984243056196,convergence,275505.75
151,2020-07-31 11:30:00,2020-08-13 12:30:00,CVX,RIG,short,CVX,Earnings,2020-07-31,20762.890652570986,2.0243,2.21,1.893784108065286,0.39491881772527304,0.7651818170657092,,313,-1904.6923846181035,62.28867195771296,0.0,-1966.9810565758164,convergence,2572436.25
152,2020-07-31 11:30:00,2020-08-03 09:30:00,CVX,TPL,short,CVX,Earnings,2020-07-31,20762.267765851408,522.51,531.6206,-0.3678548467736824,0.07603922145092057,30.830174186619114,,70,-362.0154957944639,124.57360659510844,0.0,-486.58910238957236,convergence,5905.25
153,2020-08-10 11:30:00,2020-08-11 10:30:00,OXY,PUMP,short,OXY,Earnings,2020-08-10,20752.535983803617,6.315,6.67,0.6589668564981868,0.27979004387349626,-18.488515400579313,,23,-1166.6112865004393,62.25760795141085,0.0,-1228.86889445185,convergence,174158.0
154,2020-10-20 11:30:00,2020-10-20 12:30:00,LMT,AIRI,long,LMT,Earnings,2020-10-20,20688.123633087434,1.06,1.0596,1.1901709148160422,0.20894436234890512,-2.1078826694623065,,1,-7.806839106824587,124.1287417985246,0.0,-131.93558090534918,convergence,4530.25
155,2020-10-20 11:30:00,2020-10-27 14:30:00,LMT,CVU,short,LMT,Earnings,2020-10-20,20686.88234566945,2.28,2.26,-0.4789065774295358,0.07315726579765858,6.204235276764477,,171,181.4638802251708,124.12129407401672,0.0,57.342586151154094,convergence,17230.75
156,2020-10-20 11:30:00,2020-10-27 14:30:00,LMT,EMKR,long,LMT,Earnings,2020-10-20,20685.641132728713,3.5643,3.68,0.47894934995954486,0.07920859657082768,-37.99449197906832,,171,671.472288824375,124.11384679637227,0.0,547.3584420280027,convergence,104336.75
157,2020-10-20 11:30:00,2020-10-27 12:30:00,LMT,TTMI,long,LMT,Earnings,2020-10-20,20684.399994260748,12.45,12.195,0.8448224401849929,0.13990609788993935,-3.587330966103943,,169,-423.6563854246161,62.053199982782246,0.0,-485.7095854073983,convergence,150531.5
158,2020-10-27 11:30:00,2020-11-10 10:30:00,RTX,AIRI,long,RTX,Earnings,2020-10-27,20682.3820380608,0.9901,1.1417,0.3968407272583747,0.09925577518093076,-9.085183780233358,,335,3166.8004413392755,124.09429222836481,0.0,3042.7061491109107,convergence,12052.5
159,2020-10-27 11:30:00,2020-11-10 10:30:00,RTX,MTX,long,RTX,Earnings,2020-10-27,20681.141095138515,56.46,63.05,0.5635279026317789,0.4470371825662889,-1.0974664544149797,,335,2413.8986860956916,62.04342328541555,0.0,2351.855262810276,convergence,7798.25
160,2020-10-27 11:30:00,2020-11-09 13:30:00,RTX,MRCY,long,RTX,Earnings,2020-10-27,20680.520660905662,74.49,70.02,0.23531099684058415,0.17805276757413968,-9.548677370280018,,314,-1240.9978165424661,62.04156198271699,0.0,-1303.039378525183,convergence,15681.25
161,2020-10-28 11:30:00,2020-10-29 13:30:00,GD,GHM,short,GD,Earnings,2020-10-28,20685.382957549802,13.75,13.24,0.8499447253655704,0.49710665823443567,-18.045899264601573,,26,767.2396587891196,124.1122977452988,0.0,643.1273610438209,convergence,4668.75
162,2020-10-29 11:30:00,2020-10-29 13:30:00,COP,SFL,short,COP,Earnings,2020-10-29,20684.14183457235,6.49,6.58,0.6015683076462208,0.4800651735274456,6.754655081477173,,2,-286.83709786001674,62.052425503717046,0.0,-348.8895233637338,convergence,137796.5
163,2020-10-30 11:30:00,2020-11-03 10:30:00,CVX,DXC,long,CVX,Earnings,2020-10-30,20691.2677143034,18.21,19.51,1.3286213232140214,0.4598344885190775,0.7773207281550404,,95,1477.13608064769,62.07380314291021,0.0,1415.0622775047798,convergence,306608.0
164,2020-10-30 11:30:00,2020-11-03 10:30:00,CVX,MUR,long,CVX,Earnings,2020-10-30,20690.64697627197,7.66,7.865,2.042048558395978,0.6997346929991629,2.5362102028359303,,95,553.7314138558428,62.07194092881591,0.0,491.65947292702685,convergence,495816.0
165,2020-10-30 11:30:00,2020-11-03 10:30:00,CVX,RIG,long,CVX,Earnings,2020-10-30,20690.026256862682,0.6609,0.8176,2.1913431592223254,0.4952162091515143,8.055876454232108,,95,4905.624322061402,62.07007877058805,0.0,4843.554243290814,convergence,4330345.5
166,2020-10-30 11:30:00,2020-11-13 11:30:00,XOM,PAGP,short,XOM,Earnings,2020-10-30,20689.405556074977,6.205,7.675,1.0640539284799158,0.5016617270484558,4.755612287519786,,336,-4901.43854430785,62.06821666822493,0.0,-4963.5067609760745,max_holding,374106.0
167,2020-10-30 11:30:00,2020-11-13 11:30:00,XOM,IMO,long,XOM,Earnings,2020-10-30,20688.784873908295,12.97,16.53,1.0209535873015445,0.6843336493879917,-12.004766466451624,,336,5678.648739484467,62.06635462172489,0.0,5616.582384862742,max_holding,107357.0
168,2020-10-30 11:30:00,2020-11-03 14:30:00,XOM,PVL,long,XOM,Earnings,2020-10-30,20688.16421036208,0.549,0.505,1.3632779983808225,0.5964779990921287,-18.661678756696702,,99,-1658.0678055663611,124.12898526217248,0.0,-1782.1967908285337,convergence,15664.0
169,2020-11-09 11:30:00,2020-11-12 14:30:00,OXY,PUMP,short,OXY,Earnings,2020-11-09,20789.387952648383,4.83,4.75,0.5911986613911892,0.26692381342554383,-27.224418400787993,,75,344.3376886567023,62.36816385794515,0.0,281.96952479875716,convergence,457541.5
