bar_start,open,high,low,close,volume
2021-01-21 09:30:00,68.33,68.58,67.95,68.2122,1558228
2021-01-21 10:30:00,68.353,68.508,68.05,68.3,962395
2021-01-21 11:30:00,68.3409,68.3409,67.85,68.1222,695218
2021-01-21 12:30:00,68.0568,68.34,68.0222,68.12,654186
2021-01-21 13:30:00,68.2247,68.65,68.12,68.6,707628
2021-01-21 14:30:00,68.5882,68.84,68.32,68.41,935573
2021-01-21 15:30:00,68.415,68.52,68.09,68.11,1116980
2021-01-22 09:30:00,67.72,68.12,67.15,67.23,972553
2021-01-22 10:30:00,67.225,67.73,67.12,67.4,481896
2021-01-22 11:30:00,67.38,67.89,67.37,67.86,429394
2021-01-22 12:30:00,67.86,67.9333,67.6,67.75,461319
2021-01-22 13:30:00,67.75,67.87,67.58,67.81,346562
2021-01-22 14:30:00,67.815,67.95,67.725,67.87,439747
2021-01-22 15:30:00,67.88,67.98,67.56,67.56,642942
2021-01-25 09:30:00,66.09,66.29,65.35,66.19,2575127
2021-01-25 10:30:00,66.1354,66.529,65.21,65.21,1642656
2021-01-25 11:30:00,65.2963,65.75,65.0,65.673,1248919
2021-01-25 12:30:00,65.6289,66.15,65.52,66.07,1069435
2021-01-25 13:30:00,66.0864,66.3929,65.61,66.185,917713
2021-01-25 14:30:00,66.1251,66.372093,66.03,66.31,919381
2021-01-25 15:30:00,66.2554,66.49,66.18,66.3,1363052
2021-01-26 09:30:00,69.2,70.93,68.47,69.106,4571308
2021-01-26 10:30:00,69.09,69.1,68.2322,68.51,1440896
2021-01-26 11:30:00,68.5,68.56,68.03,68.33,1193471
2021-01-26 12:30:00,68.32,68.8695,68.11,68.27,1010834
2021-01-26 13:30:00,68.3192,69.045,68.21,68.689,1507179
2021-01-26 14:30:00,68.7,68.76,67.79,67.87,1400187
2021-01-26 15:30:00,67.875,67.89,67.19,67.2,1424649
2021-01-27 09:30:00,66.8,67.44,66.21,66.74,1818426
2021-01-27 10:30:00,66.74,67.04,66.5,66.93,1229972
2021-01-27 11:30:00,66.93,67.19,66.58,67.08,1295773
2021-01-27 12:30:00,67.07,67.76,66.95,67.397,1403204
2021-01-27 13:30:00,67.39,67.4279,65.99,66.1,1289780
2021-01-27 14:30:00,66.1,66.4,65.73,65.9489,1685797
2021-01-27 15:30:00,65.955,66.07,65.25,65.53,1917783
2021-01-28 09:30:00,66.44,68.52,66.18,68.02,1749971
2021-01-28 10:30:00,68.2967,68.5,67.83,68.12,1183133
2021-01-28 11:30:00,68.0753,68.99,66.34,68.93,1099325
2021-01-28 12:30:00,68.93,69.07,67.0,68.75,1347475
2021-01-28 13:30:00,68.77,69.29,68.71,68.9201,934126
2021-01-28 14:30:00,68.93,68.99,68.3,68.31,889292
2021-01-28 15:30:00,68.3804,68.46,68.07,68.17,1139481
2021-01-29 09:30:00,67.11,67.57,66.1,67.21,1469826
2021-01-29 10:30:00,67.205,67.54,66.9218,66.94,850964
2021-01-29 11:30:00,66.95,67.39,66.81,66.9001,939829
2021-01-29 12:30:00,66.91,67.105,66.64,67.06,1082355
2021-01-29 13:30:00,67.05,67.0599,66.69,66.89,777654
2021-01-29 14:30:00,66.8733,67.0551,66.49,66.9299,877456
2021-01-29 15:30:00,66.92,67.25,66.66,66.7,2019634
2021-02-01 09:30:00,67.17,67.6,66.29,66.49,1144520
2021-02-01 10:30:00,66.5,66.74,66.13,66.5401,592720
2021-02-01 11:30:00,66.56,66.63,66.25,66.54,625486
2021-02-01 12:30:00,66.54,66.84,66.5193,66.8299,466449
2021-02-01 13:30:00,66.825,67.12,66.69,67.08,535587
2021-02-01 14:30:00,67.065,67.22,66.5799,67.0219,590121
2021-02-01 15:30:00,67.02,67.05,66.795,67.0,1232639
2021-02-02 09:30:00,67.74,69.09,67.53,68.8998,1286116
2021-02-02 10:30:00,68.88,69.76,68.8301,69.53,1017873
2021-02-02 11:30:00,69.52,69.93,67.4002,69.5,869368
2021-02-02 12:30:00,69.49,69.91,69.49,69.7423,963048
2021-02-02 13:30:00,69.75,70.18,69.7322,69.99,726857
2021-02-02 14:30:00,70.005,70.315,69.91,70.31,930943
2021-02-02 15:30:00,70.31,70.42,70.13,70.14,1197009
2021-02-03 09:30:00,69.76,70.07,69.37,69.5522,1448145
2021-02-03 10:30:00,69.56,70.03,69.47,69.74,1620169
2021-02-03 11:30:00,69.735,70.15,69.6801,70.0559,524089
2021-02-03 12:30:00,70.07,70.62,69.96,70.585,741734
2021-02-03 13:30:00,70.585,70.83,70.47,70.78,685491
2021-02-03 14:30:00,70.775,70.915,70.686,70.82,855201
2021-02-03 15:30:00,70.7636,70.91,70.57,70.57,1037933
2021-02-04 09:30:00,70.95,72.25,70.71,71.47,1268195
2021-02-04 10:30:00,71.5482,72.66,71.425,72.4415,1685025
2021-02-04 11:30:00,72.415,72.5276,72.06,72.31,875208
2021-02-04 12:30:00,72.2545,72.51,72.17,72.295,1120492
2021-02-04 13:30:00,72.2865,72.61,72.25,72.565,842353
2021-02-04 14:30:00,72.5538,72.81,72.27,72.33,1007266
2021-02-04 15:30:00,72.3184,72.77,72.23077,72.68,1342333
2021-02-05 09:30:00,72.97,73.88,72.59,72.94,1250642
2021-02-05 10:30:00,72.94,73.3778,72.8992,73.18,602293
2021-02-05 11:30:00,73.18,73.26,72.82,72.87,507518
2021-02-05 12:30:00,72.8689,73.1499,72.73,73.09,692089
2021-02-05 13:30:00,73.09,73.16,72.8,73.01,695894
2021-02-05 14:30:00,73.02,73.055,72.28,72.3,1038553
2021-02-05 15:30:00,72.29,72.4489,72.0,72.27,1153235
2021-02-08 09:30:00,72.55,72.6995,72.12,72.375,802007
2021-02-08 10:30:00,72.3789,72.44,71.84,72.14,570886
2021-02-08 11:30:00,72.145,72.21,71.81,72.164,599136
2021-02-08 12:30:00,72.16,72.21,71.96,71.96,446752
2021-02-08 13:30:00,71.96,72.3699,71.82,72.36,610684
2021-02-08 14:30:00,72.365,72.44,72.2,72.31,647337
2021-02-08 15:30:00,72.31,72.52,72.25,72.45,837788
2021-02-09 09:30:00,72.08,72.49,71.5601,72.232,826966
2021-02-09 10:30:00,72.25,72.527,72.05,72.46,593675
2021-02-09 11:30:00,72.46,72.8,72.34,72.705,330945
2021-02-09 12:30:00,72.705,73.2,72.7,73.1011,845318
2021-02-09 13:30:00,73.1089,73.294,73.09,73.25,579094
2021-02-09 14:30:00,73.2393,73.34,72.69,72.96,881690
2021-02-09 15:30:00,72.8949,73.11,72.88,73.04,1095026
2021-04-22 09:30:00,79.0,79.2,78.65,78.825,716720
2021-04-22 10:30:00,78.8165,79.61,78.7901,79.475,549374
2021-04-22 11:30:00,79.4899,79.8294,79.445,79.575,638468
2021-04-22 12:30:00,79.58,79.91,79.08,79.59,1009703
2021-04-22 13:30:00,79.58,79.58,78.73,79.04,845267
2021-04-22 14:30:00,79.04,79.0983,78.542,78.7099,826206
2021-04-22 15:30:00,78.7,78.9,78.29,78.74,1046284
2021-04-23 09:30:00,78.81,80.44,78.705,80.44,1472420
2021-04-23 10:30:00,80.45,80.65,80.05,80.155,796600
2021-04-23 11:30:00,80.15,80.2,77.55,79.945,576317
2021-04-23 12:30:00,79.96,80.29,79.9473,80.245,400770
2021-04-23 13:30:00,80.24,80.52,80.2245,80.455,611533
2021-04-23 14:30:00,80.46,80.76,80.44,80.63,789998
2021-04-23 15:30:00,80.63,80.6706,80.35,80.55,1317323
2021-04-26 09:30:00,81.0,82.08,80.6,82.0101,1493600
2021-04-26 10:30:00,82.0111,82.065,81.56,81.775,2213351
2021-04-26 11:30:00,81.78,81.94,81.55,81.62,913324
2021-04-26 12:30:00,81.625,81.7174,81.29,81.3342,1108534
2021-04-26 13:30:00,81.34,81.48,81.29,81.3988,627094
2021-04-26 14:30:00,81.39,81.4555,81.08,81.11,887620
2021-04-26 15:30:00,81.11,81.285,80.79,81.0,1741717
2021-04-27 09:30:00,82.81,83.03,80.88,82.92,3363951
2021-04-27 10:30:00,82.913,83.69,82.91,83.245,2520315
2021-04-27 11:30:00,83.245,83.45,82.91,83.015,822410
2021-04-27 12:30:00,83.0131,83.03,82.3,82.3699,638364
2021-04-27 13:30:00,82.37,82.87,82.35,82.82,640991
2021-04-27 14:30:00,82.82,83.0,82.6112,82.94,971850
2021-04-27 15:30:00,82.95,83.06,82.74,82.793,1345543
2021-04-28 09:30:00,81.48,82.6,81.48,82.23,1232783
2021-04-28 10:30:00,82.2213,82.535,82.1,82.25,610773
2021-04-28 11:30:00,82.25,82.81,82.1966,82.51,747291
2021-04-28 12:30:00,82.51,82.955,82.3829,82.955,742102
2021-04-28 13:30:00,82.96,83.01,82.59,82.91,791305
2021-04-28 14:30:00,82.903,83.04,82.59,83.0011,780596
2021-04-28 15:30:00,83.0,83.12,82.905,83.08,984474
2021-04-29 09:30:00,83.56,83.81,82.95,83.0727,1343914
2021-04-29 10:30:00,83.08,83.32,82.84,83.295,946058
2021-04-29 11:30:00,83.295,83.295,82.505,82.56,629996
2021-04-29 12:30:00,82.56,82.94,82.52,82.699,358785
2021-04-29 13:30:00,82.7,83.065,82.7,82.9678,430804
2021-04-29 14:30:00,83.02,83.29,82.8,82.81,885666
2021-04-29 15:30:00,82.82,83.049,82.805,82.86,878936
2021-04-30 09:30:00,82.63,83.41,82.33,82.74,1118203
2021-04-30 10:30:00,82.74,82.78,82.34,82.51,472322
2021-04-30 11:30:00,82.51,82.7,82.41,82.57,391544
2021-04-30 12:30:00,82.58,82.8,82.46,82.79,503524
2021-04-30 13:30:00,82.7428,83.03,82.62,83.01,693936
2021-04-30 14:30:00,83.015,83.245,82.82,83.18,637550
2021-04-30 15:30:00,83.17,83.37,83.04,83.26,924061
2021-05-03 09:30:00,83.8,84.18,83.28,83.6117,1910937
2021-05-03 10:30:00,83.615,83.85,83.51,83.645,607916
2021-05-03 11:30:00,83.65,83.97,83.62,83.9174,381465
2021-05-03 12:30:00,83.91,84.32,83.83,84.295,554034
2021-05-03 13:30:00,84.3,84.45,84.15,84.39,508355
2021-05-03 14:30:00,84.385,84.4372,83.83,84.19,565496
2021-05-03 15:30:00,84.185,84.1988,83.935,84.145,739058
2021-05-04 09:30:00,84.12,84.59,83.51,83.91,976832
2021-05-04 10:30:00,83.91,84.27,83.3585,83.61,662699
2021-05-04 11:30:00,83.4648,83.8175,83.1435,83.78,3564289
2021-05-04 12:30:00,83.5727,83.83,83.39,83.685,375803
2021-05-04 13:30:00,83.6841,83.86,83.555,83.68,436129
2021-05-04 14:30:00,83.6527,83.769,83.54,83.75,506276
2021-05-04 15:30:00,83.74,83.98,83.62,83.97,1094212
2021-05-05 09:30:00,83.855,84.2,83.52,83.79,1010166
2021-05-05 10:30:00,83.7911,84.295,83.58,84.2714,427385
2021-05-05 11:30:00,84.3,84.644,84.14,84.2,409091
2021-05-05 12:30:00,84.205,84.32,84.05,84.1577,443961
2021-05-05 13:30:00,84.16,84.41,84.09,84.395,366628
2021-05-05 14:30:00,84.39,84.67,84.295,84.41,562297
2021-05-05 15:30:00,84.39,84.39,84.02,84.13,777525
2021-05-06 09:30:00,84.81,84.9,83.5201,83.65,640436
2021-05-06 10:30:00,83.65,84.09,83.61,84.09,538685
2021-05-06 11:30:00,84.1,84.45,83.905,84.34,433396
2021-05-06 12:30:00,84.32,84.339,84.03,84.15,302572
2021-05-06 13:30:00,84.15,84.25,83.95,84.145,437330
2021-05-06 14:30:00,84.01,84.48,83.97,84.435,557294
2021-05-06 15:30:00,84.44,84.78,84.275,84.69,829436
2021-05-07 09:30:00,84.81,85.1468,84.14,84.97,736229
2021-05-07 10:30:00,84.9537,85.37,84.92,84.98,438144
2021-05-07 11:30:00,84.975,85.315,84.94,85.315,296460
2021-05-07 12:30:00,85.315,85.62,85.2134,85.615,305630
2021-05-07 13:30:00,85.6293,85.9298,85.61,85.8514,365977
2021-05-07 14:30:00,85.85,85.8849,84.7,85.625,449694
2021-05-07 15:30:00,85.63,85.775,85.52,85.7,874263
2021-05-10 09:30:00,87.03,87.04,85.99,86.5929,1853478
2021-05-10 10:30:00,86.6,86.72,85.29,86.491,514294
2021-05-10 11:30:00,86.5,86.57,86.22,86.29,629352
2021-05-10 12:30:00,86.29,86.37,84.46,86.28,464421
2021-05-10 13:30:00,86.28,86.45,85.86,85.935,581062
2021-05-10 14:30:00,85.91,85.9659,84.68,85.481,540355
2021-05-10 15:30:00,85.485,85.5681,84.93,85.03,839002
2021-05-11 09:30:00,84.245,85.21,77.33,84.1,2539853
2021-05-11 10:30:00,84.1,84.1899,83.35,84.178,713851
2021-05-11 11:30:00,84.17,84.38,83.92,84.17,596535
2021-05-11 12:30:00,84.165,84.26,83.84,84.26,384935
2021-05-11 13:30:00,84.25,84.455,84.045,84.44,370453
2021-05-11 14:30:00,84.44,84.44,83.99,84.25,581971
2021-05-11 15:30:00,84.255,84.39,83.91,84.33,699735
2021-07-22 09:30:00,86.27,86.58,85.35,85.5643,705222
2021-07-22 10:30:00,85.56,85.71,85.19,85.42,481957
2021-07-22 11:30:00,85.439,85.55,85.24,85.55,327940
2021-07-22 12:30:00,85.55,85.895,85.5347,85.78,672923
2021-07-22 13:30:00,85.7891,86.0123,85.75,85.9593,434478
2021-07-22 14:30:00,85.9296,86.0,85.82,85.84,367773
2021-07-22 15:30:00,85.8887,85.8887,85.67,85.8,615729
2021-07-23 09:30:00,86.73,86.75,85.61,85.89,482470
2021-07-23 10:30:00,85.895,86.73,85.7918,86.13,328481
2021-07-23 11:30:00,86.115,86.2498,85.73,85.95,289826
2021-07-23 12:30:00,85.9583,86.1,85.7549,86.0115,253788
2021-07-23 13:30:00,86.01,86.13,85.771,85.8,250424
2021-07-23 14:30:00,85.79,85.9812,85.74,85.9,252910
2021-07-23 15:30:00,85.9,86.06,85.79,85.82,444726
2021-07-26 09:30:00,85.43,86.22,85.43,85.891,740473
2021-07-26 10:30:00,85.89,85.9072,85.41,85.64,441590
2021-07-26 11:30:00,85.645,85.79,85.4201,85.63,276660
2021-07-26 12:30:00,85.625,85.89,85.6202,85.71,300744
2021-07-26 13:30:00,85.72,85.93,85.615,85.925,368821
2021-07-26 14:30:00,85.93,85.995,85.77,85.895,443463
2021-07-26 15:30:00,85.89,86.09,85.86,85.9,570507
2021-07-27 09:30:00,87.6,89.36,87.411,89.145,2920662
2021-07-27 10:30:00,89.15,89.46,87.76,89.1398,1140991
2021-07-27 11:30:00,89.12,89.42,88.69,89.12,834881
2021-07-27 12:30:00,89.11,89.25,88.55,88.5959,661131
2021-07-27 13:30:00,88.58,88.7528,88.3,88.475,662409
2021-07-27 14:30:00,88.5081,88.68,88.21,88.23,629559
2021-07-27 15:30:00,88.2601,88.2601,87.97,88.24,1004474
2021-07-28 09:30:00,89.305,89.305,87.28,87.47,1070599
2021-07-28 10:30:00,87.47,87.8,87.21,87.635,646191
2021-07-28 11:30:00,87.63,88.14,87.44,87.45,595547
2021-07-28 12:30:00,87.45,87.53,87.12,87.21,450449
2021-07-28 13:30:00,87.215,88.04,86.95,87.56,617295
2021-07-28 14:30:00,87.555,87.94,87.2699,87.46,873980
2021-07-28 15:30:00,87.455,87.6,87.18,87.2,674634
2021-07-29 09:30:00,88.63,88.785,78.82,88.225,759900
2021-07-29 10:30:00,88.2692,88.6,88.17,88.3915,507703
2021-07-29 11:30:00,88.39,88.6,88.27,88.49,488394
2021-07-29 12:30:00,88.485,88.53,88.22,88.42,484147
2021-07-29 13:30:00,88.4274,88.51,88.26,88.3116,308352
2021-07-29 14:30:00,88.326,88.35,88.07,88.08,520456
2021-07-29 15:30:00,88.1428,88.1428,87.65,87.66,603750
2021-07-30 09:30:00,87.385,87.7675,86.98,87.04,706248
2021-07-30 10:30:00,87.035,87.38,86.91,87.21,473287
2021-07-30 11:30:00,87.2627,87.2627,86.9,86.955,426712
2021-07-30 12:30:00,86.9827,87.175,86.89,87.12,337507
2021-07-30 13:30:00,87.0477,87.39,86.84,86.85,438132
2021-07-30 14:30:00,86.9859,87.09,86.66,87.0,403904
2021-07-30 15:30:00,87.0066,87.02,86.74,86.96,805974
2021-08-02 09:30:00,87.14,88.74,87.11,87.7596,789388
2021-08-02 10:30:00,87.76,87.94,86.17,87.52,484720
2021-08-02 11:30:00,87.57,87.5766,86.99,87.225,405204
2021-08-02 12:30:00,87.23,87.43,87.135,87.22,255216
2021-08-02 13:30:00,87.22,87.41,87.08,87.24,384188
2021-08-02 14:30:00,87.2378,87.29,86.9,86.97,493767
2021-08-02 15:30:00,86.972,86.972,86.51,86.64,818593
2021-08-03 09:30:00,86.6,86.89,85.33,86.15,675038
2021-08-03 10:30:00,86.158,86.6361,86.05,86.6361,469031
2021-08-03 11:30:00,86.63,87.17,86.4769,86.8394,473216
2021-08-03 12:30:00,86.83,87.2,86.785,87.1792,361895
2021-08-03 13:30:00,87.175,87.57,87.12,87.54,484727
2021-08-03 14:30:00,87.53,87.92,87.47,87.905,565351
2021-08-03 15:30:00,87.9,88.0,87.7928,87.97,1085533
2021-08-04 09:30:00,87.3,87.39,86.06,86.61,927119
2021-08-04 10:30:00,86.7534,86.98,86.14,86.62,645800
2021-08-04 11:30:00,86.5872,86.625,85.72,85.75,547966
2021-08-04 12:30:00,85.8962,85.9663,85.65,85.69,395063
2021-08-04 13:30:00,85.7294,86.11,85.66,85.99,453977
2021-08-04 14:30:00,86.0148,86.43,85.93,86.42,659536
2021-08-04 15:30:00,86.3284,86.45,85.77,85.83,840037
2021-08-05 09:30:00,86.445,86.8514,86.13,86.53,488998
2021-08-05 10:30:00,86.54,87.3269,86.51,87.2943,425192
2021-08-05 11:30:00,87.29,87.4356,87.1302,87.1501,300848
2021-08-05 12:30:00,87.153,87.24,87.0,87.18,265753
2021-08-05 13:30:00,87.18,87.2281,86.89,86.9175,340996
2021-08-05 14:30:00,86.91,86.98,86.75,86.98,590339
2021-08-05 15:30:00,86.9697,87.075,86.8,86.88,697121
2021-08-06 09:30:00,87.38,87.82,87.17,87.63,583899
2021-08-06 10:30:00,87.615,87.9291,87.3,87.83,378648
2021-08-06 11:30:00,87.82,87.83,87.59,87.7449,284203
2021-08-06 12:30:00,87.7678,87.9817,87.7,87.79,196903
2021-08-06 13:30:00,87.8475,87.8475,87.66,87.74,217421
2021-08-06 14:30:00,87.805,87.805,87.4901,87.64,284420
2021-08-06 15:30:00,87.6669,87.7,87.41,87.6,637802
2021-08-09 09:30:00,87.06,87.31,86.53,86.81,618644
2021-08-09 10:30:00,86.8,87.27,86.7,87.14,378232
2021-08-09 11:30:00,87.145,87.425,87.11,87.2404,315499
2021-08-09 12:30:00,87.25,87.35,87.1,87.112,222170
2021-08-09 13:30:00,87.11,87.32,87.01,87.27,244917
2021-08-09 14:30:00,87.2504,87.315,86.88,87.185,270396
2021-08-09 15:30:00,87.1811,87.33,87.005,87.08,404657
2021-08-10 09:30:00,87.19,87.57,86.97,87.48,541094
2021-08-10 10:30:00,87.51,88.06,87.34,88.005,650890
2021-08-10 11:30:00,88.0,88.02,87.575,87.59,228962
2021-08-10 12:30:00,87.59,87.8,87.5302,87.765,192413
2021-08-10 13:30:00,87.77,87.8,87.55,87.69,201238
2021-08-10 14:30:00,87.694,87.74,87.58,87.695,283581
2021-08-10 15:30:00,87.6904,87.697,87.47,87.67,474910
2021-10-21 09:30:00,91.345,91.5,90.57,91.09,897761
2021-10-21 10:30:00,91.08,91.47,91.02,91.21,362694
2021-10-21 11:30:00,91.21,91.43,90.94,91.01,278931
2021-10-21 12:30:00,91.01,91.13,90.84,91.1,287805
2021-10-21 13:30:00,91.1,91.39,91.02,91.3501,334798
2021-10-21 14:30:00,91.355,91.41,91.22,91.395,248479
2021-10-21 15:30:00,91.4,91.67,91.4,91.6,494548
2021-10-22 09:30:00,91.69,92.32,91.48,92.07,739397
2021-10-22 10:30:00,92.06,92.1392,91.63,91.6731,455634
2021-10-22 11:30:00,91.65,91.776,91.18,91.275,525064
2021-10-22 12:30:00,91.29,91.67,91.22,91.6203,339318
2021-10-22 13:30:00,91.635,91.97,91.6279,91.945,293142
2021-10-22 14:30:00,91.94,92.0,91.65,91.755,414127
2021-10-22 15:30:00,91.76,91.905,91.3797,91.85,784682
2021-10-25 09:30:00,91.67,91.99,91.05,91.515,726913
2021-10-25 10:30:00,91.5206,91.72,91.4,91.64,584135
2021-10-25 11:30:00,91.64,91.72,91.35,91.495,329488
2021-10-25 12:30:00,91.495,91.52,91.14,91.3958,396770
2021-10-25 13:30:00,91.39,91.45,91.24,91.3541,360797
2021-10-25 14:30:00,91.32,91.4867,90.7,90.905,691497
2021-10-25 15:30:00,90.9,91.38,90.7998,91.36,855891
2021-10-26 09:30:00,88.18,91.19,87.0,89.52,1729919
2021-10-26 10:30:00,89.54,89.55,88.65,89.11,875602
2021-10-26 11:30:00,89.11,89.12,82.73,88.38,606866
2021-10-26 12:30:00,88.3502,88.58,88.0837,88.57,632659
2021-10-26 13:30:00,88.57,89.1515,88.41,89.01,709958
2021-10-26 14:30:00,89.01,89.77,88.93,89.33,1316066
2021-10-26 15:30:00,89.5704,89.66,89.065,89.1,1373451
2021-10-27 09:30:00,89.145,90.56,88.69,89.915,731051
2021-10-27 10:30:00,89.9084,90.18,89.51,89.71,587043
2021-10-27 11:30:00,89.7254,90.11,89.28,89.9,455948
2021-10-27 12:30:00,89.88,89.94,89.57,89.8463,276391
2021-10-27 13:30:00,89.86,90.22,89.77,90.04,390909
2021-10-27 14:30:00,90.06,90.1015,89.36,89.72,487370
2021-10-27 15:30:00,89.71,89.72,89.12,89.16,832814
2021-10-28 09:30:00,89.465,89.8089,89.0401,89.46,561298
2021-10-28 10:30:00,89.47,89.52,88.74,88.9615,471718
2021-10-28 11:30:00,88.98,89.25,88.8117,89.0,538006
2021-10-28 12:30:00,89.02,89.24,88.99,89.17,384916
2021-10-28 13:30:00,89.19,89.5496,89.1877,89.4794,606089
2021-10-28 14:30:00,89.47,89.51,88.8607,88.91,538186
2021-10-28 15:30:00,88.91,89.31,88.9,89.18,707366
2021-10-29 09:30:00,88.915,89.77,88.78,89.025,857166
2021-10-29 10:30:00,89.1966,89.1966,88.73,88.78,490495
2021-10-29 11:30:00,88.78,89.015,88.69,89.01,378383
2021-10-29 12:30:00,88.8692,89.38,88.8692,89.31,422891
2021-10-29 13:30:00,89.3032,89.41,88.82,88.82,812907
2021-10-29 14:30:00,88.893,88.893,88.51,88.605,559488
2021-10-29 15:30:00,88.5914,89.06,88.5863,88.87,847924
2021-11-01 09:30:00,89.005,89.28,88.12,88.15,838303
2021-11-01 10:30:00,88.14,88.37,87.96,88.21,651158
2021-11-01 11:30:00,88.2,90.15,88.085,88.655,551750
2021-11-01 12:30:00,88.65,88.67,88.32,88.36,362344
2021-11-01 13:30:00,88.35,88.45,88.0493,88.2701,566131
2021-11-01 14:30:00,88.29,88.69,88.21,88.525,471959
2021-11-01 15:30:00,88.525,88.62,88.45,88.55,648259
2021-11-02 09:30:00,88.42,88.8155,87.78,88.278,568918
2021-11-02 10:30:00,88.325,88.53,87.91,88.5177,487303
2021-11-02 11:30:00,88.5165,90.08,88.15,88.195,459568
2021-11-02 12:30:00,88.2,88.28,87.47,87.47,598215
2021-11-02 13:30:00,87.46,87.545,87.19,87.51,622396
2021-11-02 14:30:00,87.503,87.87,87.49,87.7431,475375
2021-11-02 15:30:00,87.745,87.8,87.455,87.79,839622
2021-11-03 09:30:00,87.135,88.1699,86.91,87.99,632019
2021-11-03 10:30:00,88.0,88.37,87.84,87.92,309152
2021-11-03 11:30:00,87.92,87.98,87.5,87.559,377522
2021-11-03 12:30:00,87.55,87.895,87.535,87.669,300080
2021-11-03 13:30:00,87.6683,88.32,87.02,88.22,471735
2021-11-03 14:30:00,88.215,88.7299,88.19,88.52,823477
2021-11-03 15:30:00,88.53,88.8,88.43,88.69,738965
2021-11-04 09:30:00,88.39,89.0918,88.1,88.895,515698
2021-11-04 10:30:00,88.91,89.05,88.52,88.58,389251
2021-11-04 11:30:00,88.57,88.85,88.48,88.51,298647
2021-11-04 12:30:00,88.51,88.6,88.28,88.28,388051
2021-11-04 13:30:00,88.28,88.3095,87.89,87.92,345485
2021-11-04 14:30:00,87.925,87.99,87.76,87.9382,506502
2021-11-04 15:30:00,87.94,88.06,87.91,88.06,712335
2021-11-05 09:30:00,89.77,90.99,88.575,90.45,919695
2021-11-05 10:30:00,90.45,90.65,90.2,90.47,514489
2021-11-05 11:30:00,90.465,90.81,90.37,90.7504,354184
2021-11-05 12:30:00,90.7491,90.94,90.44,90.46,434621
2021-11-05 13:30:00,90.46,90.78,90.46,90.77,264720
2021-11-05 14:30:00,90.7601,91.09,90.7601,90.86,472294
2021-11-05 15:30:00,90.8681,91.23,90.8681,91.17,756237
2021-11-08 09:30:00,91.37,91.73,90.67,90.9838,667625
2021-11-08 10:30:00,91.0448,91.18,90.46,90.5301,282070
2021-11-08 11:30:00,90.55,91.34,90.31,90.5001,216773
2021-11-08 12:30:00,90.4757,90.5699,87.69,90.4409,260769
2021-11-08 13:30:00,90.4417,90.78,90.4,90.775,235802
2021-11-08 14:30:00,90.7709,90.93,90.7451,90.7451,408846
2021-11-08 15:30:00,90.8227,90.96,88.91,90.7,440663
2021-11-09 09:30:00,90.535,90.8907,90.01,90.4225,348217
2021-11-09 10:30:00,90.4,90.46,89.96,90.035,359296
2021-11-09 11:30:00,90.035,90.62,88.91,90.58,625192
2021-11-09 12:30:00,90.58,90.9,90.55,90.745,222671
2021-11-09 13:30:00,90.74,90.86,90.625,90.73,172809
2021-11-09 14:30:00,90.7369,91.07,90.66,90.97,357034
2021-11-09 15:30:00,90.97,91.0,83.88,91.0,282204
2022-01-20 09:30:00,89.945,90.3,89.4,89.79,982347
2022-01-20 10:30:00,89.78,90.8399,89.78,90.3429,550672
2022-01-20 11:30:00,90.49,90.5881,90.22,90.37,334072
2022-01-20 12:30:00,90.3579,90.42,89.88,90.04,426448
2022-01-20 13:30:00,90.04,90.33,89.83,89.83,307804
2022-01-20 14:30:00,89.84,89.8721,89.2791,89.34,597437
2022-01-20 15:30:00,89.325,89.3307,88.25,88.32,1088367
2022-01-21 09:30:00,88.52,88.62,86.82,87.51,1408735
2022-01-21 10:30:00,87.4914,88.81,87.251,88.71,496945
2022-01-21 11:30:00,88.7,88.7,87.72,87.98,448539
2022-01-21 12:30:00,87.98,88.11,87.43,87.53,305981
2022-01-21 13:30:00,87.53,87.96,87.47,87.62,486552
2022-01-21 14:30:00,87.62,87.8,86.9,86.975,563189
2022-01-21 15:30:00,87.0804,87.71,86.91,87.2,1009556
2022-01-24 09:30:00,85.82,87.27,85.06,86.1714,1885015
2022-01-24 10:30:00,86.0677,86.91,85.74,86.08,860572
2022-01-24 11:30:00,86.0701,86.225,84.87,85.12,771304
2022-01-24 12:30:00,85.0777,86.31,84.79,85.7081,574056
2022-01-24 13:30:00,85.9879,87.11,85.625,86.3686,1042607
2022-01-24 14:30:00,86.417,87.19,85.92,86.96,748263
2022-01-24 15:30:00,86.9885,88.31,86.83,88.18,1431320
2022-01-25 09:30:00,85.245,89.29,85.0,87.65,2423637
2022-01-25 10:30:00,87.66,88.48,85.15,88.23,925383
2022-01-25 11:30:00,88.2291,88.58,87.38,88.42,587802
2022-01-25 12:30:00,88.39,88.75,88.0701,88.5,751767
2022-01-25 13:30:00,88.48,90.44,88.3818,90.29,1219321
2022-01-25 14:30:00,90.285,91.29,89.92,90.32,1706488
2022-01-25 15:30:00,90.32,90.635,90.09,90.28,1463805
2022-01-26 09:30:00,89.98,91.52,89.23,90.427,1282014
2022-01-26 10:30:00,90.4,91.38,90.17,91.32,775323
2022-01-26 11:30:00,91.2095,91.41,90.79,90.88,740244
2022-01-26 12:30:00,90.89,90.9167,89.51,89.8,919521
2022-01-26 13:30:00,89.795,90.36,89.28,89.8,1006716
2022-01-26 14:30:00,89.8,89.97,87.4614,88.24,1284445
2022-01-26 15:30:00,88.24,89.28,88.06,88.88,1529547
2022-01-27 09:30:00,89.995,91.479,89.77,90.08,1543296
2022-01-27 10:30:00,90.0952,90.72,89.77,90.28,765068
2022-01-27 11:30:00,90.27,90.79,89.69,89.8898,577636
2022-01-27 12:30:00,89.88,89.98,88.51,88.52,516574
2022-01-27 13:30:00,88.576981,89.27,88.4,88.63,729664
2022-01-27 14:30:00,88.62,90.78,85.645,89.41,855792
2022-01-27 15:30:00,89.41,89.7688,89.2,89.28,1138058
2022-01-28 09:30:00,89.2,89.5,87.82,88.21,1094622
2022-01-28 10:30:00,88.2185,88.63,87.48,88.47,825556
2022-01-28 11:30:00,88.47,89.38,88.33,89.05,590712
2022-01-28 12:30:00,89.06,89.2999,88.65,89.21,645317
2022-01-28 13:30:00,89.22,89.52,88.61,88.645,548986
2022-01-28 14:30:00,88.645,89.67,88.45,89.57,624869
2022-01-28 15:30:00,89.57,90.37,89.3746,90.33,906402
2022-01-31 09:30:00,90.06,90.34,89.01,90.15,975778
2022-01-31 10:30:00,90.15,90.43,89.18,89.25,722148
2022-01-31 11:30:00,89.26,90.07,89.14,89.87,554366
2022-01-31 12:30:00,89.875,90.08,89.635,89.92,528064
2022-01-31 13:30:00,89.93,90.39,89.6915,90.295,668344
2022-01-31 14:30:00,90.2697,90.3548,89.58,89.8,738789
2022-01-31 15:30:00,89.8073,90.3,89.67,90.19,1047593
2022-02-01 09:30:00,89.93,90.55,89.26,89.42,1048038
2022-02-01 10:30:00,89.5812,90.6,89.425,90.34,665064
2022-02-01 11:30:00,90.33,90.6,90.05,90.2734,452683
2022-02-01 12:30:00,90.3069,90.42,90.12,90.3771,389888
2022-02-01 13:30:00,90.326,90.55,90.23,90.51,1139431
2022-02-01 14:30:00,90.4051,90.73,89.8,90.6775,1001290
2022-02-01 15:30:00,90.6333,90.94,90.49,90.73,1097328
2022-02-02 09:30:00,90.55,91.1,90.02,90.79,999196
2022-02-02 10:30:00,90.8,91.28,90.75,91.17,704680
2022-02-02 11:30:00,91.0572,91.57,91.0572,91.425,427275
2022-02-02 12:30:00,91.425,92.05,91.36,91.8943,604557
2022-02-02 13:30:00,91.9316,92.37,91.87,92.13,664032
2022-02-02 14:30:00,92.0623,92.56,92.055,92.56,677376
2022-02-02 15:30:00,92.439,92.7,92.439,92.54,868098
2022-02-03 09:30:00,92.04,92.53,91.58,92.37,1053936
2022-02-03 10:30:00,92.38,92.88,92.2622,92.73,909028
2022-02-03 11:30:00,92.7219,92.87,92.21,92.4,754435
2022-02-03 12:30:00,92.4,92.46,92.02,92.275,508186
2022-02-03 13:30:00,92.28,92.99,92.275,92.7646,919915
2022-02-03 14:30:00,92.755,92.92,92.2936,92.92,1037772
2022-02-03 15:30:00,92.91,92.99,92.59,92.8,1213643
2022-02-04 09:30:00,92.32,93.74,91.83,92.8,1436954
2022-02-04 10:30:00,92.8,93.1757,92.105,92.43,800511
2022-02-04 11:30:00,92.435,92.81,92.16,92.6238,477378
2022-02-04 12:30:00,92.63,93.06,92.4,92.79,343526
2022-02-04 13:30:00,92.8,93.28,92.76,93.25,565109
2022-02-04 14:30:00,93.245,93.86,93.2283,93.77,634170
2022-02-04 15:30:00,93.7673,93.9,93.0,93.0,1054440
2022-02-07 09:30:00,93.45,93.79,93.01,93.495,702460
2022-02-07 10:30:00,93.495,94.13,93.44,94.05,444807
2022-02-07 11:30:00,94.07,94.11,93.62,93.695,733508
2022-02-07 12:30:00,93.7,94.0963,93.61,93.9775,378194
2022-02-07 13:30:00,93.985,94.49,93.979,94.45,683637
2022-02-07 14:30:00,94.441,94.74,94.395,94.55,604159
2022-02-07 15:30:00,94.55,94.66,93.7701,94.02,718753
2022-02-08 09:30:00,93.815,94.25,92.87,93.6301,1067598
2022-02-08 10:30:00,93.63,94.47,93.5,94.088,857108
2022-02-08 11:30:00,94.1148,94.7,94.0895,94.68,963542
2022-02-08 12:30:00,94.67,94.97,93.6502,94.905,985654
2022-02-08 13:30:00,94.91,95.1,94.78,94.885,949969
2022-02-08 14:30:00,94.88,95.14,94.52,94.8775,949864
2022-02-08 15:30:00,94.9677,95.3151,94.82,95.07,764196
2022-04-21 09:30:00,105.52,106.0388,104.5924,104.7748,941767
2022-04-21 10:30:00,104.78,104.79,104.4,104.46,592690
2022-04-21 11:30:00,104.47,104.97,103.8525,104.01,560798
2022-04-21 12:30:00,104.0,104.09,102.96,103.18,581746
2022-04-21 13:30:00,103.19,104.97,102.43,102.4491,593366
2022-04-21 14:30:00,102.6344,102.88,101.84,102.1306,747010
2022-04-21 15:30:00,102.12,102.12,101.4,101.75,904561
2022-04-22 09:30:00,101.37,102.5607,101.0,101.565,818678
2022-04-22 10:30:00,101.565,101.98,101.19,101.4979,602651
2022-04-22 11:30:00,101.48,101.63,101.1,101.51,629569
2022-04-22 12:30:00,101.51,101.8674,101.04,101.1503,397148
2022-04-22 13:30:00,101.15,101.16,100.63,100.8979,399998
2022-04-22 14:30:00,100.89,101.1199,100.48,100.88,425317
2022-04-22 15:30:00,100.89,101.39,100.37,100.52,665240
2022-04-25 09:30:00,100.02,100.44,97.9,98.38,1273340
2022-04-25 10:30:00,98.34,98.7099,97.72,98.07,650458
2022-04-25 11:30:00,98.06,98.7,97.57,98.442391,640990
2022-04-25 12:30:00,98.4,98.6093,97.95,98.315,423546
2022-04-25 13:30:00,98.32,99.13,98.16,99.095,518780
2022-04-25 14:30:00,98.9857,99.46,98.82,99.36,608773
2022-04-25 15:30:00,99.35,99.92,99.2782,99.64,880633
2022-04-26 09:30:00,96.92,100.99,96.45,99.66,1622474
2022-04-26 10:30:00,99.7,100.89,97.16,100.33,998720
2022-04-26 11:30:00,100.3,100.38,99.31,99.93,653469
2022-04-26 12:30:00,99.8693,100.32,99.74,99.82,581831
2022-04-26 13:30:00,99.8775,100.62,99.71,100.59,589672
2022-04-26 14:30:00,100.58,100.61,99.56,99.86,840926
2022-04-26 15:30:00,99.7305,99.89,98.93,99.37,1385705
2022-04-27 09:30:00,98.87,100.0,97.6,98.24,1372469
2022-04-27 10:30:00,98.26,99.5899,98.07,99.29,737185
2022-04-27 11:30:00,99.2315,99.81,99.0425,99.71,741769
2022-04-27 12:30:00,99.5283,99.82,99.0,99.42,566656
2022-04-27 13:30:00,99.425,99.7113,99.24,99.66,632705
2022-04-27 14:30:00,99.6538,99.91,98.76,99.11,735751
2022-04-27 15:30:00,99.12,99.24,98.68,98.82,1047892
2022-04-28 09:30:00,98.64,99.7,97.295,97.3783,1083611
2022-04-28 10:30:00,97.37,97.57,97.02,97.23,750637
2022-04-28 11:30:00,97.235,97.53,96.87,97.53,781068
2022-04-28 12:30:00,97.53,98.675,97.46,98.51,557347
2022-04-28 13:30:00,98.52,98.84,98.28,98.63,1059775
2022-04-28 14:30:00,98.635,98.84,98.48,98.51,613245
2022-04-28 15:30:00,98.505,103.3894,97.77,98.12,1181385
2022-04-29 09:30:00,98.47,98.91,97.0285,97.0956,687547
2022-04-29 10:30:00,97.08,97.3778,96.7688,97.327,515760
2022-04-29 11:30:00,97.3,98.08,96.8601,96.98,653020
2022-04-29 12:30:00,96.99,96.99,96.23,96.63,551944
2022-04-29 13:30:00,96.6,96.81,96.13,96.34,404995
2022-04-29 14:30:00,96.31,96.47,95.16,95.321,709562
2022-04-29 15:30:00,95.31,96.36,94.61,94.955,953814
2022-05-02 09:30:00,94.785,95.33,93.92,94.76,1261006
2022-05-02 10:30:00,94.78,95.08,93.821,93.98,976812
2022-05-02 11:30:00,93.965,94.48,93.6924,94.265,748296
2022-05-02 12:30:00,94.26,94.35,93.56,93.7,573937
2022-05-02 13:30:00,93.6992,93.77,92.75,92.945,820129
2022-05-02 14:30:00,92.95,93.85,92.3968,93.5,1302940
2022-05-02 15:30:00,93.5445,94.27,93.46,94.22,1481124
2022-05-03 09:30:00,94.835,95.5,94.24,95.25,847073
2022-05-03 10:30:00,95.2124,95.8534,94.82,95.83,528632
2022-05-03 11:30:00,95.85,96.13,95.56,95.8234,615764
2022-05-03 12:30:00,95.83,96.04,95.6,95.77,559962
2022-05-03 13:30:00,95.77,96.08,94.2167,95.4011,703793
2022-05-03 14:30:00,95.4571,95.91,95.26,95.59,734568
2022-05-03 15:30:00,95.58,95.8,95.12,95.33,957991
2022-05-04 09:30:00,94.825,96.02,94.58,95.97,769026
2022-05-04 10:30:00,95.98,96.07,95.58,95.62,450740
2022-05-04 11:30:00,95.62,95.93,95.33,95.645,959645
2022-05-04 12:30:00,95.65,95.794,95.06,95.2673,552390
2022-05-04 13:30:00,95.28,96.32,95.01,96.2,733623
2022-05-04 14:30:00,96.195,97.59,95.415,97.54,924254
2022-05-04 15:30:00,97.559,98.02,97.475,97.81,1218693
2022-05-05 09:30:00,97.65,98.21,96.0575,96.3,838744
2022-05-05 10:30:00,96.3,96.63,95.53,95.99,518811
2022-05-05 11:30:00,95.97,97.76,95.39,96.205,523817
2022-05-05 12:30:00,96.19,96.92,95.97,96.55,762138
2022-05-05 13:30:00,96.54,96.96,96.23,96.23,529781
2022-05-05 14:30:00,96.2,96.5499,95.71,95.77,790515
2022-05-05 15:30:00,95.7601,96.51,95.59,96.35,1041094
2022-05-06 09:30:00,95.98,96.45,93.72,94.36,1146137
2022-05-06 10:30:00,94.345,95.409,93.835,95.0605,621453
2022-05-06 11:30:00,95.08,95.09,94.11,94.58,470513
2022-05-06 12:30:00,94.57,96.32,94.4,94.88,455318
2022-05-06 13:30:00,94.905,96.321,94.32,94.3412,362683
2022-05-06 14:30:00,94.355,94.76,94.12,94.53,603410
2022-05-06 15:30:00,94.525,95.52,94.3744,95.32,894672
2022-05-09 09:30:00,94.7,94.85,93.82,93.92,871383
2022-05-09 10:30:00,93.88,93.8883,92.44,92.61,658045
2022-05-09 11:30:00,92.59,93.4131,92.42,93.0872,596127
2022-05-09 12:30:00,93.08,93.26,91.95,92.61,492153
2022-05-09 13:30:00,92.605,92.9699,92.1001,92.2964,596745
2022-05-09 14:30:00,92.31,92.69,91.99,92.075,830046
2022-05-09 15:30:00,92.09,92.1294,91.25,91.75,1221605
2022-05-10 09:30:00,92.78,93.86,92.09,93.5483,959712
2022-05-10 10:30:00,93.52,93.53,92.15,92.5,743966
2022-05-10 11:30:00,92.48,92.755,91.785,91.89,602912
2022-05-10 12:30:00,91.91,92.23,91.5395,92.16,597390
2022-05-10 13:30:00,92.18,92.97,92.05,92.22,714852
2022-05-10 14:30:00,92.25,92.42,91.61,91.73,927985
2022-05-10 15:30:00,91.7,91.8,91.36,91.67,1106762
2022-07-21 09:30:00,94.67,94.72,93.55,93.735,607094
2022-07-21 10:30:00,93.71,94.56,93.7002,94.495,343695
2022-07-21 11:30:00,94.51,94.85,94.46,94.742,266423
2022-07-21 12:30:00,94.7539,95.05,94.57,94.85,226959
2022-07-21 13:30:00,94.87,94.88,94.3,94.79,336018
2022-07-21 14:30:00,94.78,94.855,94.41,94.5425,320155
2022-07-21 15:30:00,94.52,94.92,94.47,94.9,520391
2022-07-22 09:30:00,95.02,95.71,94.53,95.275,509705
2022-07-22 10:30:00,95.0858,95.3499,94.8678,94.91,280223
2022-07-22 11:30:00,94.9429,95.27,94.74,95.11,257902
2022-07-22 12:30:00,95.1,95.26,94.77,94.83,298191
2022-07-22 13:30:00,94.83,94.83,94.26,94.4417,205056
2022-07-22 14:30:00,94.45,94.89,94.27,94.4,306673
2022-07-22 15:30:00,94.4,94.47,93.955,94.25,836164
2022-07-25 09:30:00,94.34,95.25,94.03,95.01,643781
2022-07-25 10:30:00,95.015,95.41,94.9,95.14,540148
2022-07-25 11:30:00,95.15,95.39,94.825,95.02,462377
2022-07-25 12:30:00,95.03,95.41,94.21,95.14,390906
2022-07-25 13:30:00,95.145,95.1537,94.43,94.6,440056
2022-07-25 14:30:00,94.59,94.61,94.23,94.4182,713209
2022-07-25 15:30:00,94.41,94.71,94.37,94.56,1026510
2022-07-26 09:30:00,92.75,93.42,90.42,91.86,1987782
2022-07-26 10:30:00,91.86,92.11,91.5,91.58,860818
2022-07-26 11:30:00,91.58,91.85,91.18,91.8,919757
2022-07-26 12:30:00,91.805,91.93,91.5501,91.75,549344
2022-07-26 13:30:00,91.755,94.57,90.73,90.755,577491
2022-07-26 14:30:00,90.755,90.8258,90.19,90.64,987679
2022-07-26 15:30:00,90.64,90.75,90.2,90.24,1242083
2022-07-27 09:30:00,90.8,91.09,89.05,89.6611,1046816
2022-07-27 10:30:00,89.665,90.17,89.4,90.148913,565365
2022-07-27 11:30:00,90.18,90.41,89.54,89.58,525655
2022-07-27 12:30:00,89.586,89.69,89.28,89.5,436958
2022-07-27 13:30:00,89.5044,90.24,89.265,89.3831,464760
2022-07-27 14:30:00,89.39,90.6999,89.25,90.6999,817826
2022-07-27 15:30:00,90.5641,90.75,90.195,90.27,997906
2022-07-28 09:30:00,90.25,91.99,90.2488,91.22,892160
2022-07-28 10:30:00,91.23,92.61,91.192216,92.46,699999
2022-07-28 11:30:00,92.4609,92.66,91.7,91.94,449666
2022-07-28 12:30:00,91.95,92.15,90.27,91.86,438519
2022-07-28 13:30:00,91.87,92.67,91.805535,92.55,428333
2022-07-28 14:30:00,92.5639,92.6,92.02,92.41,382252
2022-07-28 15:30:00,92.41,92.485,92.115,92.37,557996
2022-07-29 09:30:00,91.98,92.85,91.89,92.68,746181
2022-07-29 10:30:00,92.68,92.85,92.32,92.62,378467
2022-07-29 11:30:00,92.62,92.9288,92.46,92.48,358334
2022-07-29 12:30:00,92.455,92.685,92.35,92.6208,407186
2022-07-29 13:30:00,92.56,92.92,92.39,92.8316,433958
2022-07-29 14:30:00,92.8316,93.3249,92.78,93.32,520360
2022-07-29 15:30:00,93.31,93.39,93.095,93.26,896660
2022-08-01 09:30:00,93.595,94.96,93.51,93.92,1151392
2022-08-01 10:30:00,93.92,94.19,93.51,93.9283,569715
2022-08-01 11:30:00,93.92,93.9281,93.31,93.425,504692
2022-08-01 12:30:00,93.42,93.73,90.83,93.52,385653
2022-08-01 13:30:00,93.52,93.64,93.09,93.42,721180
2022-08-01 14:30:00,93.415,93.62,93.26,93.405,812420
2022-08-01 15:30:00,93.4,93.56,93.16,93.24,819172
2022-08-02 09:30:00,93.74,94.13,92.68,93.675,807762
2022-08-02 10:30:00,93.67,94.39,93.611,93.8922,469760
2022-08-02 11:30:00,93.9,94.62,93.67,94.6,478349
2022-08-02 12:30:00,94.6,94.775,94.24,94.3,367550
2022-08-02 13:30:00,94.295,94.6,93.24,94.58,344319
2022-08-02 14:30:00,94.58,94.592,93.88,94.06,365784
2022-08-02 15:30:00,94.07,94.32,93.665,93.76,724458
2022-08-03 09:30:00,94.3,94.3,92.41,92.935,745363
2022-08-03 10:30:00,92.92,93.34,92.79,93.214,350379
2022-08-03 11:30:00,93.2,93.8187,93.18,93.672293,352125
2022-08-03 12:30:00,93.66,94.2508,93.59,94.2508,408927
2022-08-03 13:30:00,94.235,94.66,94.1083,94.54,372595
2022-08-03 14:30:00,94.55,94.87,94.4,94.835,561467
2022-08-03 15:30:00,94.8351,94.93,94.49,94.54,885812
2022-08-04 09:30:00,94.7,94.9,93.55,93.9299,719026
2022-08-04 10:30:00,93.8118,94.81,93.81,94.1482,618130
2022-08-04 11:30:00,94.236,94.3199,93.83,93.89,233856
2022-08-04 12:30:00,93.9001,93.9065,93.56,93.57,271754
2022-08-04 13:30:00,93.57,93.812,93.5,93.7469,444873
2022-08-04 14:30:00,93.7607,94.53,93.18,93.375,584741
2022-08-04 15:30:00,93.281,93.375,92.71,92.77,1011574
2022-08-05 09:30:00,92.16,93.08,91.91,92.5953,540140
2022-08-05 10:30:00,92.59,92.62,91.8427,91.8601,353130
2022-08-05 11:30:00,91.86,92.68,91.821,92.36,365364
2022-08-05 12:30:00,92.37,92.84,92.31,92.7,275423
2022-08-05 13:30:00,92.6953,93.01,92.63,92.8076,381908
2022-08-05 14:30:00,92.79,92.863897,92.6,92.7604,334272
2022-08-05 15:30:00,92.76,93.1,92.725,93.0,602291
2022-08-08 09:30:00,93.25,93.75,92.38,92.49,814239
2022-08-08 10:30:00,92.4887,92.6699,92.02,92.06,387654
2022-08-08 11:30:00,92.096,93.03,91.27,91.3399,470664
2022-08-08 12:30:00,91.3797,91.4,90.97,91.01,664600
2022-08-08 13:30:00,91.0653,91.66,91.02,91.285,613203
2022-08-08 14:30:00,91.3554,91.394,90.96,91.26,582597
2022-08-08 15:30:00,91.2513,91.41,91.17,91.19,675278
2022-08-09 09:30:00,91.51,92.29,91.06,92.065,708247
2022-08-09 10:30:00,92.0614,92.1175,91.58,91.9807,377402
2022-08-09 11:30:00,92.0,92.27,91.86,92.03,376791
2022-08-09 12:30:00,92.04,92.3,91.94,92.0231,300291
2022-08-09 13:30:00,92.04,92.13,91.2,91.88,317559
2022-08-09 14:30:00,91.88,91.9,91.55,91.82,333822
2022-08-09 15:30:00,91.83,91.97,91.67,91.965,395418
2022-10-20 09:30:00,87.81,88.44,84.87,88.38,546546
2022-10-20 10:30:00,88.2936,88.42,87.83,88.01,430613
2022-10-20 11:30:00,88.01,88.24,87.54,87.62,397634
2022-10-20 12:30:00,87.64,87.65,87.13,87.32,426024
2022-10-20 13:30:00,87.31,87.45,86.81,86.86,330449
2022-10-20 14:30:00,86.85,87.39,84.6215,87.146,421713
2022-10-20 15:30:00,87.14,87.47,87.0,87.21,509937
2022-10-21 09:30:00,87.045,87.97,86.46,87.29,1647540
2022-10-21 10:30:00,87.2905,87.5,86.81,87.185,725160
2022-10-21 11:30:00,87.19,88.3,87.19,87.97,396543
2022-10-21 12:30:00,87.97,88.7,87.81,88.42,413920
2022-10-21 13:30:00,88.425,88.637,88.29,88.42,419317
2022-10-21 14:30:00,88.3833,88.905,88.3833,88.87,535527
2022-10-21 15:30:00,88.87,88.88,88.45,88.58,892264
2022-10-24 09:30:00,89.1,89.93,89.0,89.85,1258973
2022-10-24 10:30:00,89.84,90.01,89.3851,89.78,766239
2022-10-24 11:30:00,89.78,90.45,89.38,90.09,575556
2022-10-24 12:30:00,90.0684,90.29,89.96,90.095,641793
2022-10-24 13:30:00,90.08,90.36,89.922,90.03,630760
2022-10-24 14:30:00,90.0338,90.27,89.95,90.1577,986768
2022-10-24 15:30:00,90.1515,90.225,89.61,89.85,1607154
2022-10-25 09:30:00,88.7,89.0,84.28,87.67,1964455
2022-10-25 10:30:00,87.65,88.5899,84.47,88.0259,717021
2022-10-25 11:30:00,88.02,88.14,87.52,87.874117,638544
2022-10-25 12:30:00,87.9377,88.24,87.73,87.77,595189
2022-10-25 13:30:00,87.78,89.73,87.78,88.36,659767
2022-10-25 14:30:00,88.36,88.41,87.94,88.36,866230
2022-10-25 15:30:00,88.38,88.48,88.14,88.36,1090918
2022-10-26 09:30:00,88.29,90.94,88.23,90.8368,1220335
2022-10-26 10:30:00,90.7465,92.2,90.67,91.86,1122614
2022-10-26 11:30:00,91.9194,91.98,90.17,91.7145,540985
2022-10-26 12:30:00,91.7242,92.015,90.9138,91.115,645477
2022-10-26 13:30:00,91.2173,91.9059,90.2768,90.3,582470
2022-10-26 14:30:00,90.3,90.6,90.15,90.565,745310
2022-10-26 15:30:00,90.5072,91.07,90.5072,90.61,1047255
2022-10-27 09:30:00,90.94,93.3814,90.89,92.91,1146080
2022-10-27 10:30:00,92.905,92.99,92.073,92.3531,552478
2022-10-27 11:30:00,92.335,92.4,91.35,91.3773,560479
2022-10-27 12:30:00,91.37,92.3499,91.36,91.975,566809
2022-10-27 13:30:00,91.975,92.27,91.9281,92.25,416051
2022-10-27 14:30:00,92.25,92.33,91.97,92.1,648188
2022-10-27 15:30:00,92.09,92.25,91.705,91.91,941885
2022-10-28 09:30:00,92.5,93.7499,92.05,93.575,1093201
2022-10-28 10:30:00,93.4188,94.375,93.4188,94.24,697165
2022-10-28 11:30:00,94.256,95.02,94.13,94.82,745736
2022-10-28 12:30:00,94.9064,94.9064,88.2,94.5688,479282
2022-10-28 13:30:00,94.5399,94.82,87.51,94.675,546870
2022-10-28 14:30:00,94.6363,95.1,94.6363,95.0,660351
2022-10-28 15:30:00,95.03,95.16,94.76,95.15,1291810
2022-10-31 09:30:00,94.77,94.96,93.8101,94.65,801131
2022-10-31 10:30:00,94.65,95.05,94.43,94.9,465262
2022-10-31 11:30:00,94.89,95.09,94.47,94.4824,381386
2022-10-31 12:30:00,94.49,95.01,94.36,95.01,393269
2022-10-31 13:30:00,94.99,95.11,94.79,94.881,308362
2022-10-31 14:30:00,94.88,95.08,94.07,94.75,415403
2022-10-31 15:30:00,94.7355,95.08,94.71,94.85,1145513
2022-11-01 09:30:00,95.33,96.08,95.245,95.7,1166467
2022-11-01 10:30:00,95.71,95.79,95.03,95.53,536784
2022-11-01 11:30:00,95.3739,95.95,95.16,95.625,378427
2022-11-01 12:30:00,95.61,95.87,95.145,95.507,324929
2022-11-01 13:30:00,95.5508,95.77,94.82,95.59,462935
2022-11-01 14:30:00,95.5701,95.825,95.44,95.69,638212
2022-11-01 15:30:00,95.7188,95.77,95.5,95.52,846565
2022-11-02 09:30:00,95.15,95.69,94.9,95.45,740609
2022-11-02 10:30:00,95.44,95.6886,95.27,95.56,627342
2022-11-02 11:30:00,95.56,96.12,95.28,95.3514,481278
2022-11-02 12:30:00,95.3556,95.6,95.18,95.43,476863
2022-11-02 13:30:00,95.44,96.6533,95.4049,96.36,535619
2022-11-02 14:30:00,96.39,96.64,94.19,94.375,923380
2022-11-02 15:30:00,94.3627,94.46,87.63,94.12,757061
2022-11-03 09:30:00,93.08,94.8243,93.03,94.65,679196
2022-11-03 10:30:00,94.6598,95.18,94.22,94.9956,595423
2022-11-03 11:30:00,94.99,95.49,93.81,95.395,427536
2022-11-03 12:30:00,95.39,95.7,95.18,95.5432,360661
2022-11-03 13:30:00,95.54,95.7899,94.15,95.7569,396403
2022-11-03 14:30:00,95.7575,95.8283,95.41,95.675,456903
2022-11-03 15:30:00,95.6266,95.71,94.72,94.81,782469
2022-11-04 09:30:00,95.37,95.9,94.74,95.696,722077
2022-11-04 10:30:00,95.7,95.7799,94.585,94.585,435269
2022-11-04 11:30:00,94.61,95.27,93.37,94.38,649213
2022-11-04 12:30:00,94.36,94.49,93.84,94.21,397722
2022-11-04 13:30:00,94.22,94.75,94.17,94.67,572031
2022-11-04 14:30:00,94.67,95.01,94.59,94.82,461887
2022-11-04 15:30:00,94.82,95.33,94.73,95.28,601458
2022-11-07 09:30:00,95.765,96.36,95.33,95.97,650431
2022-11-07 10:30:00,95.95,96.29,95.7533,96.0,365958
2022-11-07 11:30:00,96.01,96.24,95.63,95.75,241804
2022-11-07 12:30:00,95.7599,95.83,95.56,95.81,261223
2022-11-07 13:30:00,95.83,96.1,95.63,96.09,263574
2022-11-07 14:30:00,96.0563,96.26,95.91,96.24,403652
2022-11-07 15:30:00,96.195,96.2982,96.05,96.2,514648
2022-11-08 09:30:00,96.23,96.6,95.239,95.76,892357
2022-11-08 10:30:00,95.77,96.36,95.55,95.93,506111
2022-11-08 11:30:00,95.93,96.32,95.9239,96.285,318517
2022-11-08 12:30:00,96.28,96.35,95.6724,95.74,254721
2022-11-08 13:30:00,95.73,95.92,95.11,95.136,417480
2022-11-08 14:30:00,95.12,96.4095,95.06,96.4,396866
2022-11-08 15:30:00,96.4,96.64,96.22,96.27,533867
2023-01-19 09:30:00,95.195,95.54,94.66,95.15,718012
2023-01-19 10:30:00,95.1419,95.3977,94.9132,94.9349,544997
2023-01-19 11:30:00,95.0214,95.0757,94.67,94.755,390511
2023-01-19 12:30:00,94.7579,95.02,94.44,95.005,476146
2023-01-19 13:30:00,95.01,100.92,94.8001,94.9722,552384
2023-01-19 14:30:00,94.97,95.07,94.79,94.85,458382
2023-01-19 15:30:00,94.86,94.89,94.16,94.25,597413
2023-01-20 09:30:00,94.155,94.33,93.3,93.89,1737947
2023-01-20 10:30:00,93.7996,93.97,93.55,93.74,671228
2023-01-20 11:30:00,93.7441,93.93,93.6126,93.82,396203
2023-01-20 12:30:00,93.82,93.98,93.65,93.71,537620
2023-01-20 13:30:00,93.7168,94.055,93.67,93.84,1873091
2023-01-20 14:30:00,93.8013,97.43,93.8013,94.2793,747609
2023-01-20 15:30:00,94.2361,94.44,94.02,94.34,1039919
2023-01-23 09:30:00,94.7,95.92,94.0,95.9161,814570
2023-01-23 10:30:00,95.9002,96.36,95.89,96.08,828725
2023-01-23 11:30:00,96.09,96.53,95.25,96.21,693840
2023-01-23 12:30:00,96.21,96.7,96.0197,96.56,582612
2023-01-23 13:30:00,96.555,96.93,96.24,96.253362,592292
2023-01-23 14:30:00,96.28,96.3485,95.8103,96.07,641667
2023-01-23 15:30:00,96.07,96.47,96.01,96.2,872423
2023-01-24 09:30:00,96.39,108.84,94.0,95.7,1861483
2023-01-24 10:30:00,95.7,107.07,95.5906,97.87,990847
2023-01-24 11:30:00,97.8747,98.25,94.02,98.15,794321
2023-01-24 12:30:00,98.15,98.6399,98.06,98.1964,1192461
2023-01-24 13:30:00,98.1999,98.987,98.1409,98.948,665220
2023-01-24 14:30:00,98.8426,99.82,98.65,99.7748,810685
2023-01-24 15:30:00,99.78,99.79,98.58,99.46,1344562
2023-01-25 09:30:00,99.09,99.85,98.21,98.29,987052
2023-01-25 10:30:00,98.3,99.17,97.574,98.3378,706701
2023-01-25 11:30:00,98.34,98.89,98.07,98.8643,505361
2023-01-25 12:30:00,98.86,99.6,98.7643,99.4593,419518
2023-01-25 13:30:00,99.46,99.955,99.27,99.62,627759
2023-01-25 14:30:00,99.6217,99.93,99.53,99.91,612541
2023-01-25 15:30:00,99.91,100.01,99.5423,100.01,1060271
2023-01-26 09:30:00,100.705,101.11,99.13,100.18,753554
2023-01-26 10:30:00,100.17,100.222,99.6,99.9444,450719
2023-01-26 11:30:00,99.945,100.73,99.9,100.67,552027
2023-01-26 12:30:00,100.6529,100.88,100.36,100.75,499185
2023-01-26 13:30:00,100.7463,108.84,99.76,100.44,382029
2023-01-26 14:30:00,100.45,100.5,100.15,100.17,501027
2023-01-26 15:30:00,100.17,100.26,99.8117,100.235,723840
2023-01-27 09:30:00,100.025,100.54,99.45,99.88,566154
2023-01-27 10:30:00,99.91,99.9414,99.33,99.635,320156
2023-01-27 11:30:00,99.64,100.13,99.4,99.73,329837
2023-01-27 12:30:00,99.72,100.0099,99.6,99.625,267475
2023-01-27 13:30:00,99.62,99.79,99.42,99.6708,256717
2023-01-27 14:30:00,99.68,100.0499,99.6675,99.795,413551
2023-01-27 15:30:00,99.79,100.04,99.55,99.56,572409
2023-01-30 09:30:00,99.3,99.8,99.0,99.5277,453107
2023-01-30 10:30:00,99.525,99.54,98.6653,98.6859,373006
2023-01-30 11:30:00,98.68,99.41,98.27,98.46,357892
2023-01-30 12:30:00,98.46,98.67,98.06,98.59,330136
2023-01-30 13:30:00,98.5889,99.6,98.41,98.4371,357028
2023-01-30 14:30:00,98.5657,98.5657,97.855,98.19,934528
2023-01-30 15:30:00,98.19389,98.73,98.11,98.71,939932
2023-01-31 09:30:00,99.02,99.02,98.21,98.545,453653
2023-01-31 10:30:00,98.57,99.76,98.33,98.4073,367322
2023-01-31 11:30:00,98.4275,99.76,98.42,98.755,297775
2023-01-31 12:30:00,98.755,99.13,98.719,98.8885,278391
2023-01-31 13:30:00,98.89,99.32,98.84,99.11,349121
2023-01-31 14:30:00,99.12,99.36,98.96,99.0902,330246
2023-01-31 15:30:00,99.09,99.98,99.06,99.89,760262
2023-02-01 09:30:00,99.87,99.99,98.26,98.63,698714
2023-02-01 10:30:00,98.63,98.85,98.1,98.24,576695
2023-02-01 11:30:00,98.24,98.64,97.6,97.985,610547
2023-02-01 12:30:00,97.985,98.295,97.85,97.87,276752
2023-02-01 13:30:00,97.88,98.14,97.67,98.025,419255
2023-02-01 14:30:00,98.03,99.01,97.63,98.69,735510
2023-02-01 15:30:00,98.68,99.179,98.11,98.42,846612
2023-02-02 09:30:00,98.42,100.12,96.79,97.1995,944840
2023-02-02 10:30:00,97.2,97.91,96.9,97.24,1082201
2023-02-02 11:30:00,97.6,97.69,97.22,97.53,564317
2023-02-02 12:30:00,97.5329,97.587378,96.89,96.91,442099
2023-02-02 13:30:00,96.92,97.65,96.66,96.7,561160
2023-02-02 14:30:00,96.6901,96.94,96.5801,96.86,536387
2023-02-02 15:30:00,96.85,97.06,96.62,96.95,786890
2023-02-03 09:30:00,96.89,97.77,96.42,97.5,703252
2023-02-03 10:30:00,97.53,97.8,97.3,97.44,461313
2023-02-03 11:30:00,97.45,97.53,96.78,96.9661,342719
2023-02-03 12:30:00,96.965,97.16,96.55,96.58,248115
2023-02-03 13:30:00,96.57,96.89,96.4,96.5473,379010
2023-02-03 14:30:00,96.54,96.76,96.38,96.7174,475887
2023-02-03 15:30:00,96.71,96.76,96.4,96.46,622994
2023-02-06 09:30:00,96.63,98.0,96.48,97.3,1007317
2023-02-06 10:30:00,97.31,97.72,97.11,97.5,453467
2023-02-06 11:30:00,97.51,97.6299,97.21,97.2196,260375
2023-02-06 12:30:00,97.22,97.5923,97.14,97.4699,442550
2023-02-06 13:30:00,97.46,97.73,97.36,97.46,720489
2023-02-06 14:30:00,97.46,97.5437,97.31,97.34,501956
2023-02-06 15:30:00,97.335,97.74,97.245,97.65,873173
2023-02-07 09:30:00,97.195,97.52,95.9,95.9902,764798
2023-02-07 10:30:00,95.9978,96.28,95.8,96.14,371124
2023-02-07 11:30:00,96.13,96.55,96.12,96.4773,374551
2023-02-07 12:30:00,96.465,97.37,96.37,96.6981,448313
2023-02-07 13:30:00,96.66,97.34,96.28,97.2301,334719
2023-02-07 14:30:00,97.25,97.77,97.16,97.76,330297
2023-02-07 15:30:00,97.7632,98.2092,97.64,97.86,556140
2023-04-20 09:30:00,103.0,103.32,102.37,102.78,669602
2023-04-20 10:30:00,102.78,103.15,102.62,102.88,309057
2023-04-20 11:30:00,102.87,102.9,102.58,102.76,263655
2023-04-20 12:30:00,102.75,102.87,102.6,102.6888,334683
2023-04-20 13:30:00,102.69,104.09,102.6858,102.7993,502079
2023-04-20 14:30:00,102.795,102.8,102.3091,102.43,497827
2023-04-20 15:30:00,102.43,102.91,102.39,102.85,737940
2023-04-21 09:30:00,103.25,103.25,102.22,102.65,556221
2023-04-21 10:30:00,102.645,102.6859,102.0,102.04,348450
2023-04-21 11:30:00,102.03,102.33,102.0,102.06,241988
2023-04-21 12:30:00,102.06,102.14,101.86,102.1099,197984
2023-04-21 13:30:00,102.1067,102.23,102.07,102.11,258741
2023-04-21 14:30:00,102.1141,102.19,101.9013,102.0153,308674
2023-04-21 15:30:00,102.015,102.37,101.99,102.24,941904
2023-04-24 09:30:00,102.37,102.59,101.62,102.47,664516
2023-04-24 10:30:00,102.47,102.5,102.15,102.2409,356539
2023-04-24 11:30:00,102.25,102.31,102.0903,102.27,348316
2023-04-24 12:30:00,102.265,102.62,102.24,102.5931,294019
2023-04-24 13:30:00,102.6,102.64,102.3,102.415,382672
2023-04-24 14:30:00,102.42,102.6255,102.3,102.43,507006
2023-04-24 15:30:00,102.43,102.58,96.79,102.55,859060
2023-04-25 09:30:00,101.36,102.6925,101.16,101.36,1016979
2023-04-25 10:30:00,101.3789,101.84,100.6,101.2,605135
2023-04-25 11:30:00,101.215,102.24,100.235,100.3724,501746
2023-04-25 12:30:00,100.3592,100.4399,100.02,100.0801,301395
2023-04-25 13:30:00,100.08,100.98,100.02,100.9699,446952
2023-04-25 14:30:00,100.943,101.19,97.93,100.98,505551
2023-04-25 15:30:00,100.995,101.26,100.995,101.13,735700
2023-04-26 09:30:00,100.66,100.8,97.8,97.809,1175440
2023-04-26 10:30:00,97.81,98.21,97.18,97.9861,619040
2023-04-26 11:30:00,97.985,98.304,97.81,98.17,461338
2023-04-26 12:30:00,98.16,102.84,97.7,97.765,329561
2023-04-26 13:30:00,97.776,97.87,97.47,97.78,384939
2023-04-26 14:30:00,97.78,97.81,97.41,97.59,563052
2023-04-26 15:30:00,97.59,97.91,97.51,97.67,956803
2023-04-27 09:30:00,97.79,98.96,97.445,98.96,660564
2023-04-27 10:30:00,98.96,98.99,98.03,98.34,484245
2023-04-27 11:30:00,98.34,99.08,98.27,99.05,381931
2023-04-27 12:30:00,99.06,99.15,98.9,98.901,366379
2023-04-27 13:30:00,98.9,99.41,96.91,99.38,357138
2023-04-27 14:30:00,99.39,99.71,99.335,99.45,405445
2023-04-27 15:30:00,99.45,99.5099,99.285,99.4,680184
2023-04-28 09:30:00,98.79,99.86,98.79,99.59,406243
2023-04-28 10:30:00,99.62,99.69,99.2975,99.6,244079
2023-04-28 11:30:00,99.5938,99.7,99.2237,99.6288,247427
2023-04-28 12:30:00,99.62,99.87,99.59,99.8029,171418
2023-04-28 13:30:00,99.8126,99.85,99.52,99.575,284186
2023-04-28 14:30:00,99.58,99.68,99.35,99.57,273795
2023-04-28 15:30:00,99.57,99.91,99.52,99.91,407494
2023-05-01 09:30:00,99.765,101.13,99.72,100.9827,580832
2023-05-01 10:30:00,100.99,101.4,97.75,101.0821,427509
2023-05-01 11:30:00,101.06,101.29,100.57,101.06,234373
2023-05-01 12:30:00,101.06,101.2979,100.8,100.82,436641
2023-05-01 13:30:00,100.825,100.98,100.65,100.775,310487
2023-05-01 14:30:00,100.78,100.81,100.49,100.58,293681
2023-05-01 15:30:00,100.585,100.67,100.27,100.28,623715
2023-05-02 09:30:00,100.43,100.43,98.8101,98.87,493547
2023-05-02 10:30:00,98.87,98.95,98.3,98.42,353497
2023-05-02 11:30:00,98.42,99.18,98.25,98.94,309021
2023-05-02 12:30:00,98.9499,99.09,98.77,99.09,279188
2023-05-02 13:30:00,99.07,100.33,98.85,99.025,328899
2023-05-02 14:30:00,99.025,102.5327,98.81,99.015,341155
2023-05-02 15:30:00,99.015,104.465,98.74,98.84,584961
2023-05-03 09:30:00,99.1,99.17,98.05,98.3512,592250
2023-05-03 10:30:00,98.35,98.47,97.85,97.96,317334
2023-05-03 11:30:00,97.96,98.33,97.9,98.28,221333
2023-05-03 12:30:00,98.275,98.63,98.2,98.605,253079
2023-05-03 13:30:00,98.605,101.68,98.12,98.37,237582
2023-05-03 14:30:00,98.39,98.46,97.24,97.24,599086
2023-05-03 15:30:00,97.24,97.45,97.0319,97.19,687699
2023-05-04 09:30:00,97.08,99.62,95.18,95.375,778637
2023-05-04 10:30:00,95.375,96.0,94.85,95.7356,694328
2023-05-04 11:30:00,95.7197,96.91,95.18,95.82,423059
2023-05-04 12:30:00,95.83,96.3305,95.51,96.22,448424
2023-05-04 13:30:00,96.22,96.42,95.9,96.1015,311162
2023-05-04 14:30:00,96.105,96.3513,95.8802,96.06,520740
2023-05-04 15:30:00,96.05,96.25,95.85,95.92,651510
2023-05-05 09:30:00,96.36,96.8099,95.94,96.27,471690
2023-05-05 10:30:00,96.29,96.54,96.0266,96.27,237317
2023-05-05 11:30:00,96.27,96.31,95.6891,96.26,287734
2023-05-05 12:30:00,96.26,96.39,96.14,96.17,200102
2023-05-05 13:30:00,96.18,96.48,95.9223,96.39,396268
2023-05-05 14:30:00,96.39,96.75,96.35,96.47,611406
2023-05-05 15:30:00,96.475,96.58,96.38,96.58,584691
2023-05-08 09:30:00,96.39,97.44,96.19,96.955,532899
2023-05-08 10:30:00,96.95,97.13,96.2501,96.2501,241625
2023-05-08 11:30:00,96.25,96.3157,95.9,95.95,345710
2023-05-08 12:30:00,95.95,96.01,95.8,95.84,227869
2023-05-08 13:30:00,95.84,97.05,95.65,96.03,352028
2023-05-08 14:30:00,96.035,96.08,95.57,95.6017,440027
2023-05-08 15:30:00,95.61,95.74,95.44,95.54,695298
2023-05-09 09:30:00,95.46,96.04,95.26,96.02,600303
2023-05-09 10:30:00,96.01,96.35,95.6,96.27,332370
2023-05-09 11:30:00,96.27,96.53,96.19,96.5,258359
2023-05-09 12:30:00,96.5,96.66,96.32,96.38,282094
2023-05-09 13:30:00,96.375,96.8,95.5291,96.72,258403
2023-05-09 14:30:00,96.715,96.79,96.53,96.6284,313347
2023-05-09 15:30:00,96.62,96.648,96.22,96.27,493876
2023-07-20 09:30:00,95.935,96.541,95.65,96.46,697017
2023-07-20 10:30:00,96.46,97.12,96.29,97.035,552721
2023-07-20 11:30:00,97.035,97.18,96.78,97.0,405859
2023-07-20 12:30:00,97.0,97.0233,96.63,96.7968,375431
2023-07-20 13:30:00,96.785,97.018,96.65,96.83,411190
2023-07-20 14:30:00,96.82,97.2899,96.8,96.98,548970
2023-07-20 15:30:00,96.99,97.18,96.68,97.15,764872
2023-07-21 09:30:00,97.16,97.44,96.43,96.81,811894
2023-07-21 10:30:00,96.815,96.91,96.6,96.64,265542
2023-07-21 11:30:00,96.6488,97.0395,96.64,96.9787,265111
2023-07-21 12:30:00,96.98,96.99,96.65,96.65,218276
2023-07-21 13:30:00,96.66,97.16,96.53,96.5991,239875
2023-07-21 14:30:00,96.6,96.78,96.55,96.65,271877
2023-07-21 15:30:00,96.65,96.67,96.37,96.38,602137
2023-07-24 09:30:00,96.9,97.24,96.5,96.655,615957
2023-07-24 10:30:00,96.65,97.055,96.57,97.01,665093
2023-07-24 11:30:00,97.01,97.09,96.78,96.8663,360539
2023-07-24 12:30:00,96.87,96.91,96.63,96.78,382219
2023-07-24 13:30:00,96.78,96.915,96.6339,96.7489,371022
2023-07-24 14:30:00,96.7488,96.87,96.66,96.83,613601
2023-07-24 15:30:00,96.835,97.1799,96.8322,97.04,1100203
2023-07-25 09:30:00,85.7,86.47,81.35,83.01,17088086
2023-07-25 10:30:00,82.995,85.165,82.8201,83.4513,6653803
2023-07-25 11:30:00,83.46,84.87,83.081,84.3,5102925
2023-07-25 12:30:00,84.3,85.41,81.69,84.535,4990355
2023-07-25 13:30:00,84.54,85.87,84.38,85.505,3832105
2023-07-25 14:30:00,85.5,86.6799,85.32,86.12,4186453
2023-07-25 15:30:00,86.12,96.55,84.32,87.09,5570021
2023-07-26 09:30:00,86.82,87.2,84.86,85.61,5389826
2023-07-26 10:30:00,85.61,86.98,85.01,86.75,3739643
2023-07-26 11:30:00,86.72,87.1,85.2,86.56,2110847
2023-07-26 12:30:00,86.57,86.57,85.84,85.96,1795529
2023-07-26 13:30:00,85.945,87.1,85.57,85.84,1762311
2023-07-26 14:30:00,85.85,86.8492,85.77,86.26,2262321
2023-07-26 15:30:00,86.27,86.54,86.0,86.3,2273616
2023-07-27 09:30:00,85.84,87.22,85.15,85.47,3300808
2023-07-27 10:30:00,85.48,86.11,84.43,84.58,2912477
2023-07-27 11:30:00,84.57,85.07,84.5,84.9194,1587467
2023-07-27 12:30:00,84.91,87.1,84.9036,85.2911,1324008
2023-07-27 13:30:00,85.29,85.83,85.14,85.6105,1075842
2023-07-27 14:30:00,85.62,85.746,85.09,85.259,1244558
2023-07-27 15:30:00,85.2571,85.36,84.88,85.17,1384948
2023-07-28 09:30:00,85.48,86.35,85.4,85.9982,2618479
2023-07-28 10:30:00,86.0,86.67,85.94,86.55,1241847
2023-07-28 11:30:00,86.55,86.94,86.07,86.855,1141228
2023-07-28 12:30:00,86.855,87.21,86.67,86.6934,1679025
2023-07-28 13:30:00,86.69,87.18,86.64,86.9783,1013781
2023-07-28 14:30:00,86.975,87.53,86.78,87.44,1363941
2023-07-28 15:30:00,87.44,87.55,87.285,87.3199,1598010
2023-07-31 09:30:00,87.49,96.13,87.3,88.1,2543331
2023-07-31 10:30:00,88.1,88.38,87.83,87.92,1037064
2023-07-31 11:30:00,87.9138,88.51,87.71,87.77,746088
2023-07-31 12:30:00,87.76,87.88,87.222,87.34,1050193
2023-07-31 13:30:00,87.34,87.55,87.28,87.43,765694
2023-07-31 14:30:00,87.4294,87.54,87.28,87.475,979813
2023-07-31 15:30:00,87.4761,95.45,87.35,87.93,1425691
2023-08-01 09:30:00,87.09,88.09,87.07,87.504,1334764
2023-08-01 10:30:00,87.49,87.6899,87.22,87.62,790233
2023-08-01 11:30:00,87.635,88.02,87.49,87.97,529314
2023-08-01 12:30:00,87.965,88.05,87.77,88.0,524431
2023-08-01 13:30:00,87.99,88.15,87.79,88.02,715409
2023-08-01 14:30:00,88.03,88.21,87.94,88.11,823606
2023-08-01 15:30:00,88.108,88.1616,87.85,87.96,902680
2023-08-02 09:30:00,87.5,87.92,86.96,87.28,1343311
2023-08-02 10:30:00,87.28,87.3,86.8,87.0863,1049275
2023-08-02 11:30:00,87.08,87.48,86.68,86.73,796783
2023-08-02 12:30:00,86.73,86.75,86.11,86.27,926725
2023-08-02 13:30:00,86.2694,86.3034,85.91,86.0077,782570
2023-08-02 14:30:00,85.9932,86.0423,85.355,85.36,1393420
2023-08-02 15:30:00,85.365,85.6,85.27,85.44,1467896
2023-08-03 09:30:00,85.53,85.76,84.63,84.8275,2108735
2023-08-03 10:30:00,84.8124,84.9,84.41,84.67,1102133
2023-08-03 11:30:00,84.68,85.08,84.45,84.4777,1016954
2023-08-03 12:30:00,84.48,84.84,84.48,84.7771,625440
2023-08-03 13:30:00,84.78,84.79,84.49,84.575,690320
2023-08-03 14:30:00,84.575,84.78,84.36,84.75,847536
2023-08-03 15:30:00,84.75,84.96,84.61,84.63,937556
2023-08-04 09:30:00,85.05,85.2,84.61,84.98,863248
2023-08-04 10:30:00,84.98,85.1378,84.72,84.7933,676169
2023-08-04 11:30:00,84.79,85.07,84.7828,84.9869,434683
2023-08-04 12:30:00,84.99,85.1299,84.8,84.8597,448298
2023-08-04 13:30:00,84.88,85.0,84.52,84.57,552308
2023-08-04 14:30:00,84.57,84.66,84.45,84.5755,669035
2023-08-04 15:30:00,84.615,84.69,84.33,84.55,984287
2023-08-07 09:30:00,84.75,85.57,84.69,85.25,1196363
2023-08-07 10:30:00,85.2395,85.77,85.19,85.6777,936825
2023-08-07 11:30:00,85.67,85.73,85.11,85.18,860307
2023-08-07 12:30:00,85.1777,85.4,85.05,85.28,896954
2023-08-07 13:30:00,85.275,85.55,85.23,85.3339,567007
2023-08-07 14:30:00,85.33,85.55,85.3153,85.45,687450
2023-08-07 15:30:00,85.45,85.66,82.39,85.48,1069617
2023-08-08 09:30:00,85.01,85.35,84.66,84.94,911835
2023-08-08 10:30:00,84.8787,85.48,84.85,85.44,679524
2023-08-08 11:30:00,85.4128,85.6,85.17,85.45,566832
2023-08-08 12:30:00,85.46,85.7286,84.71,85.615,806370
2023-08-08 13:30:00,85.61,85.91,85.47,85.8079,693193
2023-08-08 14:30:00,85.805,86.25,85.7944,86.165,1002294
2023-08-08 15:30:00,86.16,86.43,86.145,86.22,1264434
2023-10-19 09:30:00,74.41,74.68,73.92,74.08,1245240
2023-10-19 10:30:00,74.06,74.23,73.96,74.11,643804
2023-10-19 11:30:00,74.11,74.785,74.09,74.4778,961483
2023-10-19 12:30:00,74.42,74.8491,74.255,74.7,833368
2023-10-19 13:30:00,74.7,74.81,74.12,74.1875,761414
2023-10-19 14:30:00,74.17,74.18,73.91,74.01,947425
2023-10-19 15:30:00,74.02,74.15,73.85,73.86,1059630
2023-10-20 09:30:00,74.085,74.29,73.68,73.98,1582767
2023-10-20 10:30:00,73.97,74.11,73.48,73.52,727268
2023-10-20 11:30:00,73.53,73.94,73.26,73.3,809280
2023-10-20 12:30:00,73.305,73.52,72.9438,73.17,684382
2023-10-20 13:30:00,73.18,73.3686,73.11,73.25,526244
2023-10-20 14:30:00,73.25,74.16,72.785,72.8614,1029210
2023-10-20 15:30:00,72.86,72.93,72.48,72.56,1596080
2023-10-23 09:30:00,72.615,73.2699,72.52,72.9921,1318708
2023-10-23 10:30:00,72.985,73.6,72.87,73.55,904196
2023-10-23 11:30:00,73.545,73.785,71.97,73.75,788645
2023-10-23 12:30:00,73.75,73.88,73.65,73.7,826592
2023-10-23 13:30:00,73.6997,74.01,72.71,73.57,940086
2023-10-23 14:30:00,73.57,73.63,70.58,73.2608,1114301
2023-10-23 15:30:00,73.26,73.370079,73.03295,73.146,1650481
2023-10-24 09:30:00,78.82,78.915,76.94,77.71,8153922
2023-10-24 10:30:00,77.74,78.45,72.58,78.015,3409240
2023-10-24 11:30:00,78.0,78.24,72.58,77.895,1807751
2023-10-24 12:30:00,77.895,78.58,72.58,78.515,1942989
2023-10-24 13:30:00,78.515,78.55,72.58,78.385,1662840
2023-10-24 14:30:00,78.39,78.53,73.13,78.015,2815693
2023-10-24 15:30:00,78.01,78.43,77.9583,78.355,3507052
2023-10-25 09:30:00,79.2,79.35,78.2,78.63,3026640
2023-10-25 10:30:00,78.62,79.09,78.38,78.83,1701615
2023-10-25 11:30:00,78.84,79.0401,72.58,78.5986,1388775
2023-10-25 12:30:00,78.59,78.73,77.9,77.9,1114951
2023-10-25 13:30:00,77.92,78.3871,77.76,77.9215,985896
2023-10-25 14:30:00,77.925,78.28,72.55,78.1,1742313
2023-10-25 15:30:00,78.1,78.42,77.99,78.34,3081324
2023-10-26 09:30:00,78.08,79.09,77.91,79.0008,2207677
2023-10-26 10:30:00,79.0,79.83,78.76,79.63,1645221
2023-10-26 11:30:00,79.63,79.77,78.23,79.594,1435802
2023-10-26 12:30:00,79.6,79.65,78.38,79.24,7045088
2023-10-26 13:30:00,79.23,79.4,74.67,79.28,1129237
2023-10-26 14:30:00,79.26,79.56,79.16,79.1601,1281893
2023-10-26 15:30:00,79.165,79.23,78.83,79.15,3118003
2023-10-27 09:30:00,78.69,79.77,78.4,79.41,1740248
2023-10-27 10:30:00,79.42,79.45,78.0,78.965,1216149
2023-10-27 11:30:00,78.9684,79.0362,78.66,78.855,845927
2023-10-27 12:30:00,78.86,79.11,78.77,79.055,958295
2023-10-27 13:30:00,79.05,79.4,78.95,79.05,1019249
2023-10-27 14:30:00,79.05,79.3,78.8,78.88,1992752
2023-10-27 15:30:00,78.885,79.18,78.775,79.14,2488814
2023-10-30 09:30:00,79.195,79.81,78.92,79.13,1937540
2023-10-30 10:30:00,79.14,79.15,78.21,78.3248,1140373
2023-10-30 11:30:00,78.385,78.62,78.2449,78.265,1000905
2023-10-30 12:30:00,78.265,78.54,77.765,78.5,1235653
2023-10-30 13:30:00,78.495,78.8652,78.447,78.5116,1391677
2023-10-30 14:30:00,78.5117,79.34,73.13,78.5599,1423837
2023-10-30 15:30:00,78.54,78.78,78.47,78.57,2657206
2023-10-31 09:30:00,78.99,79.76,78.65,79.3399,1236675
2023-10-31 10:30:00,79.33,79.79,79.2146,79.73,965878
2023-10-31 11:30:00,79.72,79.93,79.63,79.852,898904
2023-10-31 12:30:00,79.8562,80.29,79.71,80.29,784188
2023-10-31 13:30:00,80.285,80.525,80.22,80.485,1033043
2023-10-31 14:30:00,80.48,81.55,80.4754,81.51,2814748
2023-10-31 15:30:00,81.515,81.53,80.95,81.36,3821767
2023-11-01 09:30:00,81.97,82.375,81.325,82.25,1554116
2023-11-01 10:30:00,82.26,82.575,81.84,82.055,1838917
2023-11-01 11:30:00,82.05,82.44,82.02,82.365,1408667
2023-11-01 12:30:00,82.3656,82.44,82.0,82.155,2281050
2023-11-01 13:30:00,82.155,82.335,78.53,82.215,1617636
2023-11-01 14:30:00,82.215,82.82,81.99,82.43,2359461
2023-11-01 15:30:00,82.43,82.475,81.91,82.16,2629169
2023-11-02 09:30:00,82.61,83.2,82.31,82.965,1637395
2023-11-02 10:30:00,82.97,83.08,82.23,82.8245,1126629
2023-11-02 11:30:00,82.83,83.03,82.62,82.815,774953
2023-11-02 12:30:00,82.815,82.98,82.7373,82.83,1603402
2023-11-02 13:30:00,82.835,83.1676,82.715,83.16,833123
2023-11-02 14:30:00,83.155,83.2,82.88,82.91,1478281
2023-11-02 15:30:00,82.9,83.02,82.73,82.76,1848231
2023-11-03 09:30:00,83.03,83.85,83.03,83.69,970922
2023-11-03 10:30:00,83.69,83.86,83.17,83.34,1101077
2023-11-03 11:30:00,83.34,83.44,82.9,83.17,1083119
2023-11-03 12:30:00,83.17,83.45,83.1684,83.235,2465874
2023-11-03 13:30:00,83.235,83.42,83.19,83.2816,2804234
2023-11-03 14:30:00,83.29,83.3682,83.14,83.175,3778478
2023-11-03 15:30:00,83.17,83.2435,82.67,82.71,1695081
2023-11-06 09:30:00,82.7,82.95,82.05,82.58,1283212
2023-11-06 10:30:00,82.5829,82.8557,82.47,82.685,768835
2023-11-06 11:30:00,82.6801,82.79,82.5001,82.58,565328
2023-11-06 12:30:00,82.5799,82.6474,82.3699,82.4801,491121
2023-11-06 13:30:00,82.49,82.49,82.25,82.367,515182
2023-11-06 14:30:00,82.365,82.62,82.36,82.42,789442
2023-11-06 15:30:00,82.4176,82.5798,82.32,82.42,852965
2023-11-07 09:30:00,82.4,82.5185,82.13,82.45,826516
2023-11-07 10:30:00,82.4499,82.54,82.2321,82.3926,614917
2023-11-07 11:30:00,82.3999,82.59,82.35,82.46,478440
2023-11-07 12:30:00,82.455,82.6366,82.39,82.51,408708
2023-11-07 13:30:00,82.5016,82.565,82.38,82.5401,603566
2023-11-07 14:30:00,82.55,82.61,82.46,82.56,572925
2023-11-07 15:30:00,82.555,82.69,82.45,82.675,814920
2024-01-18 09:30:00,85.01,85.77,84.8,85.6999,1120239
2024-01-18 10:30:00,85.695,85.8187,85.35,85.62,657193
2024-01-18 11:30:00,85.63,85.835,85.55,85.72,491907
2024-01-18 12:30:00,85.72,85.75,85.46,85.5217,506574
2024-01-18 13:30:00,85.52,85.77,85.51,85.71,915940
2024-01-18 14:30:00,85.72,85.8,85.565,85.67,876404
2024-01-18 15:30:00,85.68,85.745,85.44,85.46,1156180
2024-01-19 09:30:00,85.36,85.8,84.43,85.03,2096826
2024-01-19 10:30:00,85.025,85.68,84.95,85.38,589642
2024-01-19 11:30:00,85.385,85.46,85.26,85.4322,611771
2024-01-19 12:30:00,85.435,85.75,85.39,85.695,569070
2024-01-19 13:30:00,85.6918,85.795,84.98,85.68,592742
2024-01-19 14:30:00,85.68,85.6962,85.27,85.39,1147777
2024-01-19 15:30:00,85.39,85.59,85.315,85.51,1217771
2024-01-22 09:30:00,85.81,86.17,85.45,85.85,1370800
2024-01-22 10:30:00,85.85,86.18,85.66,86.09,1112575
2024-01-22 11:30:00,86.0914,86.14,85.51,85.5951,956099
2024-01-22 12:30:00,85.585,85.69,85.27,85.3494,766584
2024-01-22 13:30:00,85.35,85.6,85.225,85.5708,834362
2024-01-22 14:30:00,85.5701,85.6,85.25,85.4226,1031236
2024-01-22 15:30:00,85.43,85.49,85.01,85.02,1835043
2024-01-23 09:30:00,88.44,92.38,87.96,92.1203,6639654
2024-01-23 10:30:00,92.135,92.135,89.6,90.2201,2870271
2024-01-23 11:30:00,90.23,90.43,89.4206,89.822,1608751
2024-01-23 12:30:00,89.82,90.07,89.73,89.8,1092322
2024-01-23 13:30:00,89.8,91.42,85.02,89.895,1324871
2024-01-23 14:30:00,89.895,90.0292,89.3632,89.9,1382061
2024-01-23 15:30:00,89.9,89.9212,89.02,89.53,2198529
2024-01-24 09:30:00,89.6,90.05,88.69,89.37,1496967
2024-01-24 10:30:00,89.36,89.79,89.23,89.67,748373
2024-01-24 11:30:00,89.67,89.855,89.27,89.385,606962
2024-01-24 12:30:00,89.39,91.63,89.25,89.545,623784
2024-01-24 13:30:00,89.54,89.66,89.4474,89.485,623398
2024-01-24 14:30:00,89.49,89.63,89.32,89.625,837599
2024-01-24 15:30:00,89.625,89.6387,85.84,89.54,1973807
2024-01-25 09:30:00,90.28,90.45,89.56,90.32,1459268
2024-01-25 10:30:00,90.34,90.66,90.175,90.6,924610
2024-01-25 11:30:00,90.6,91.11,90.26,90.57,1177894
2024-01-25 12:30:00,90.5801,90.7,90.35,90.495,636273
2024-01-25 13:30:00,90.495,90.6779,90.4,90.65,623659
2024-01-25 14:30:00,90.645,90.6891,90.32,90.615,709739
2024-01-25 15:30:00,90.615,90.98,90.56,90.94,1505662
2024-01-26 09:30:00,90.42,91.22,90.26,90.64,925382
2024-01-26 10:30:00,90.62,90.85,90.3,90.34,538272
2024-01-26 11:30:00,90.33,90.74,90.13,90.405,510022
2024-01-26 12:30:00,90.4,90.5185,90.17,90.3498,398067
2024-01-26 13:30:00,90.365,90.58,90.25,90.58,387572
2024-01-26 14:30:00,90.59,90.66,90.46,90.5755,527385
2024-01-26 15:30:00,90.575,90.61,90.35,90.4,1000272
2024-01-29 09:30:00,90.505,90.68,89.88,90.36,1186739
2024-01-29 10:30:00,90.36,90.41,90.08,90.285,542387
2024-01-29 11:30:00,90.28,90.3084,90.02,90.07,504807
2024-01-29 12:30:00,90.075,90.18,89.98,90.16,396843
2024-01-29 13:30:00,90.165,90.21,89.695,89.8,508263
2024-01-29 14:30:00,89.805,90.07,89.7624,89.83,738268
2024-01-29 15:30:00,89.8247,90.21,89.8247,90.09,1368964
2024-01-30 09:30:00,90.05,91.06,89.92,90.908,830795
2024-01-30 10:30:00,90.9,91.02,90.7,90.9701,621511
2024-01-30 11:30:00,90.97,91.09,90.72,90.734,640760
2024-01-30 12:30:00,90.73,90.81,90.5,90.6112,513326
2024-01-30 13:30:00,90.6134,91.025,90.078,90.81,498019
2024-01-30 14:30:00,90.815,91.05,90.685,90.75,632305
2024-01-30 15:30:00,90.74,90.82,90.57,90.605,976216
2024-01-31 09:30:00,90.775,91.77,85.45,91.52,956019
2024-01-31 10:30:00,91.52,91.605,91.29,91.3822,548306
2024-01-31 11:30:00,91.385,91.695,91.33,91.611,448439
2024-01-31 12:30:00,91.615,91.67,91.395,91.455,450645
2024-01-31 13:30:00,91.455,91.72,91.18,91.7193,568802
2024-01-31 14:30:00,91.7193,91.86,91.27,91.445,799817
2024-01-31 15:30:00,91.445,91.47,91.12,91.12,776395
2024-02-01 09:30:00,91.7,91.75,90.76,91.57,833875
2024-02-01 10:30:00,91.555,91.81,91.395,91.64,592105
2024-02-01 11:30:00,91.64,92.1,91.63,92.1,557115
2024-02-01 12:30:00,92.1,92.18,91.535,91.855,659348
2024-02-01 13:30:00,91.85,92.0198,91.81,91.93,455865
2024-02-01 14:30:00,91.935,92.12,91.85,91.975,623883
2024-02-01 15:30:00,91.975,92.17,91.69,92.15,1364936
2024-02-02 09:30:00,91.99,92.32,91.445,91.69,845168
2024-02-02 10:30:00,91.69,92.31,91.63,92.24,1395426
2024-02-02 11:30:00,92.24,92.44,92.05,92.21,561118
2024-02-02 12:30:00,92.22,92.2306,91.7797,92.1387,435331
2024-02-02 13:30:00,92.13,92.3899,91.54,92.28,473557
2024-02-02 14:30:00,92.28,92.68,92.17,92.67,779163
2024-02-02 15:30:00,92.67,92.7,91.97,91.98,853572
2024-02-05 09:30:00,91.37,91.7956,90.89,91.615,903081
2024-02-05 10:30:00,91.615,92.0,91.54,91.6899,767331
2024-02-05 11:30:00,91.69,91.845,91.49,91.7833,533479
2024-02-05 12:30:00,91.79,92.2127,91.43,92.04,645210
2024-02-05 13:30:00,92.05,92.2699,92.035,92.205,450432
2024-02-05 14:30:00,92.205,92.57,92.175,92.53,688194
2024-02-05 15:30:00,92.53,92.65,92.22,92.23,943770
2024-02-06 09:30:00,91.335,91.96,91.17,91.95,900287
2024-02-06 10:30:00,91.96,92.27,91.84,92.07,552629
2024-02-06 11:30:00,92.08,92.6699,82.94,92.61,452245
2024-02-06 12:30:00,92.6039,92.6399,92.24,92.3322,456491
2024-02-06 13:30:00,92.3381,92.51,92.18,92.345,432956
2024-02-06 14:30:00,92.345,92.395,92.24,92.27,494691
2024-02-06 15:30:00,92.27,92.43,92.18,92.28,688888
2024-04-18 09:30:00,100.52,101.42,100.51,101.203,801210
2024-04-18 10:30:00,101.2,101.9098,101.09,101.72,673705
2024-04-18 11:30:00,101.72,101.8213,101.2559,101.44,421700
2024-04-18 12:30:00,101.44,101.49,101.0,101.115,304495
2024-04-18 13:30:00,101.12,101.21,100.95,101.12,374448
2024-04-18 14:30:00,101.12,101.1511,100.854,101.055,499937
2024-04-18 15:30:00,101.05,101.1799,100.68,100.69,739450
2024-04-19 09:30:00,101.56,102.265,101.01,102.03,1487248
2024-04-19 10:30:00,102.025,102.1,101.6486,102.08,613400
2024-04-19 11:30:00,102.07,102.2,101.675,101.76,533232
2024-04-19 12:30:00,101.74,102.17,101.6804,101.999,411930
2024-04-19 13:30:00,102.0088,102.115,101.85,101.97,463801
2024-04-19 14:30:00,101.96,102.1,101.8,101.898,585713
2024-04-19 15:30:00,101.895,101.9492,101.47,101.56,1032601
2024-04-22 09:30:00,102.16,102.25,101.5,101.84,1329530
2024-04-22 10:30:00,101.86,102.15,101.5045,101.975,716703
2024-04-22 11:30:00,101.975,102.1,101.69,101.8111,593642
2024-04-22 12:30:00,101.82,101.92,101.53,101.9005,1279647
2024-04-22 13:30:00,101.91,102.2499,100.85,102.01,857829
2024-04-22 14:30:00,102.0,102.02,101.48,101.7026,755217
2024-04-22 15:30:00,101.7,101.7,101.365,101.59,1110405
2024-04-23 09:30:00,100.75,103.8902,99.88,102.18,2548257
2024-04-23 10:30:00,102.2,103.83,101.1,102.0,1563400
2024-04-23 11:30:00,102.0,102.17,101.36,101.4411,673350
2024-04-23 12:30:00,101.46,102.02,101.4386,101.77,527582
2024-04-23 13:30:00,101.78,101.83,101.235,101.39,749918
2024-04-23 14:30:00,101.4,101.62,101.2585,101.47,592302
2024-04-23 15:30:00,101.46,101.6695,101.16,101.34,1162850
2024-04-24 09:30:00,101.55,101.89,100.06,100.6225,1276792
2024-04-24 10:30:00,100.62,100.79,100.15,100.2904,670088
2024-04-24 11:30:00,100.3,100.52,100.14,100.3,579779
2024-04-24 12:30:00,100.3099,100.65,100.01,100.64,566344
2024-04-24 13:30:00,100.64,101.1584,100.48,100.98,743255
2024-04-24 14:30:00,100.99,101.07,100.675,101.045,599917
2024-04-24 15:30:00,101.05,101.13,100.83,101.01,921524
2024-04-25 09:30:00,101.21,101.44,100.17,101.275,1073921
2024-04-25 10:30:00,101.29,101.65,101.01,101.46,574957
2024-04-25 11:30:00,101.46,101.86,101.38,101.8381,554587
2024-04-25 12:30:00,101.83,101.84,101.3403,101.41,1040024
2024-04-25 13:30:00,101.41,101.75,101.2801,101.45,370371
2024-04-25 14:30:00,101.44,101.89,101.42,101.86,480695
2024-04-25 15:30:00,101.8653,101.88,101.54,101.75,820221
2024-04-26 09:30:00,101.54,101.8,100.285,100.365,997815
2024-04-26 10:30:00,100.36,100.85,100.295,100.795,541799
2024-04-26 11:30:00,100.7369,101.18,100.6,101.14,408115
2024-04-26 12:30:00,101.14,101.41,101.03,101.24,323615
2024-04-26 13:30:00,101.23,101.71,101.22,101.535,315327
2024-04-26 14:30:00,101.535,101.63,101.45,101.52,335548
2024-04-26 15:30:00,101.515,101.63,101.38,101.39,767719
2024-04-29 09:30:00,101.59,102.35,101.55,102.105,767242
2024-04-29 10:30:00,102.13,102.51,102.07,102.4329,504274
2024-04-29 11:30:00,102.4329,102.46,102.23,102.3792,341372
2024-04-29 12:30:00,102.375,102.61,102.26,102.5525,405974
2024-04-29 13:30:00,102.5225,102.56,102.31,102.37,391187
2024-04-29 14:30:00,102.36,102.485,101.66,102.46,515512
2024-04-29 15:30:00,102.455,102.57,102.32,102.45,962333
2024-04-30 09:30:00,102.67,102.83,102.1,102.36,858744
2024-04-30 10:30:00,102.35,102.4121,101.9,101.905,564399
2024-04-30 11:30:00,101.905,102.01,101.74,101.93,449434
2024-04-30 12:30:00,101.93,101.975,101.69,101.8769,378554
2024-04-30 13:30:00,101.8803,102.01,101.78,101.785,376055
2024-04-30 14:30:00,101.7855,102.01,101.7,101.83,473129
2024-04-30 15:30:00,101.83,101.9,101.47,101.53,861233
2024-05-01 09:30:00,101.32,102.03,100.84,101.52,447348
2024-05-01 10:30:00,101.52,101.715,101.22,101.66,347558
2024-05-01 11:30:00,101.67,102.38,101.58,101.8915,296654
2024-05-01 12:30:00,101.895,102.41,101.68,101.9056,255533
2024-05-01 13:30:00,101.905,101.9707,101.62,101.82,442090
2024-05-01 14:30:00,101.83,101.98,101.5,101.67,606624
2024-05-01 15:30:00,101.67,101.72,101.14,101.21,717182
2024-05-02 09:30:00,101.2,101.75,101.01,101.63,868839
2024-05-02 10:30:00,101.62,101.78,101.21,101.37,501198
2024-05-02 11:30:00,101.36,101.6699,101.31,101.49,317499
2024-05-02 12:30:00,101.49,101.68,97.55,101.65,269315
2024-05-02 13:30:00,101.66,101.71,101.4301,101.68,310580
2024-05-02 14:30:00,101.68,101.91,97.55,101.625,432587
2024-05-02 15:30:00,101.62,101.9,101.315,101.89,1080261
2024-05-03 09:30:00,101.83,102.17,101.17,101.26,601615
2024-05-03 10:30:00,101.275,101.3358,100.8822,101.14,1088662
2024-05-03 11:30:00,101.16,101.41,100.85,100.968,553738
2024-05-03 12:30:00,100.94,101.1584,100.67,101.0091,446397
2024-05-03 13:30:00,101.0184,101.89,101.005,101.27,342872
2024-05-03 14:30:00,101.2684,101.52,101.2247,101.445,447437
2024-05-03 15:30:00,101.445,101.649,101.35,101.38,571439
2024-05-06 09:30:00,101.78,102.05,101.7,101.855,506386
2024-05-06 10:30:00,101.8807,102.05,101.8,101.865,305146
2024-05-06 11:30:00,101.865,102.0404,101.73,101.83,322011
2024-05-06 12:30:00,101.8386,102.02,101.57,101.99,376372
2024-05-06 13:30:00,101.9985,102.4925,101.9242,102.0108,427377
2024-05-06 14:30:00,102.01,102.02,101.71,101.7426,374765
2024-05-06 15:30:00,101.71,101.94,101.615,101.91,607831
2024-05-07 09:30:00,102.3,102.83,102.02,102.615,541555
2024-05-07 10:30:00,102.625,103.08,102.54,102.915,507119
2024-05-07 11:30:00,102.915,103.05,101.79,102.795,341054
2024-05-07 12:30:00,102.795,103.09,102.74,103.04,315662
2024-05-07 13:30:00,103.04,103.18,102.97,103.08,431024
2024-05-07 14:30:00,103.09,103.15,102.9,102.94,457499
2024-05-07 15:30:00,102.94,103.26,102.83,103.21,1108854
2024-07-22 09:30:00,102.765,103.57,102.61,103.32,483522
2024-07-22 10:30:00,103.325,103.84,100.18,103.1709,353631
2024-07-22 11:30:00,103.17,103.33,103.03,103.1599,297341
2024-07-22 12:30:00,103.15,105.6498,102.72,103.319,259513
2024-07-22 13:30:00,103.32,103.35,103.09,103.11,251597
2024-07-22 14:30:00,103.12,103.495,103.09,103.465,310519
2024-07-22 15:30:00,103.455402,103.82,103.3,103.78,692018
2024-07-23 09:30:00,103.855,105.58,103.62,105.4099,823508
2024-07-23 10:30:00,105.38,105.3975,104.66,104.8796,583679
2024-07-23 11:30:00,104.86,105.27,104.68,105.1801,471737
2024-07-23 12:30:00,105.185,108.44,105.0,105.0888,297774
2024-07-23 13:30:00,105.0809,105.43,103.8,104.32,1302278
2024-07-23 14:30:00,104.32,105.39,103.85,105.24,1048894
2024-07-23 15:30:00,105.23,105.34,104.8,104.985,990988
2024-07-24 09:30:00,105.05,105.87,104.0,104.33,792001
2024-07-24 10:30:00,104.32,104.45,104.05,104.39,666479
2024-07-24 11:30:00,104.3958,105.28,104.35,105.11,734395
2024-07-24 12:30:00,105.11,105.62,105.1,105.3861,780615
2024-07-24 13:30:00,105.39,105.63,105.28,105.63,593994
2024-07-24 14:30:00,105.63,105.66,105.23,105.2537,825999
2024-07-24 15:30:00,105.27,105.29,104.51,104.87,1221112
2024-07-25 09:30:00,110.23,114.1,109.45,113.55,4541828
2024-07-25 10:30:00,113.565,113.7232,112.52,113.0612,1554028
2024-07-25 11:30:00,113.0862,114.31,112.79,113.98,1210793
2024-07-25 12:30:00,113.99,115.8399,112.92,115.76,1125792
2024-07-25 13:30:00,115.765,115.78,113.86,115.5564,1223883
2024-07-25 14:30:00,115.5,115.6,113.7,114.1388,1409663
2024-07-25 15:30:00,114.125,114.22,112.722,113.44,2439755
2024-07-26 09:30:00,114.0,115.17,113.49,114.9212,1329047
2024-07-26 10:30:00,114.935,115.24,114.25,115.11,724024
2024-07-26 11:30:00,115.125,115.1876,114.5321,114.84,699015
2024-07-26 12:30:00,114.85,115.2,114.68,115.0586,827782
2024-07-26 13:30:00,115.05,115.1564,114.61,114.92,723545
2024-07-26 14:30:00,114.92,115.01,114.485,114.55,753941
2024-07-26 15:30:00,114.54,114.5451,113.7,113.96,1306400
2024-07-29 09:30:00,113.98,114.43,113.29,113.715,744871
2024-07-29 10:30:00,113.715,114.0,113.46,113.58,508811
2024-07-29 11:30:00,113.59,113.94,113.48,113.8368,349515
2024-07-29 12:30:00,113.86,114.0,113.76,113.8898,291103
2024-07-29 13:30:00,113.86,114.02,113.55,114.0053,317824
2024-07-29 14:30:00,114.01,114.56,113.9899,114.42,542747
2024-07-29 15:30:00,114.42,114.63,114.2,114.49,845694
2024-07-30 09:30:00,115.2,116.49,114.56,116.45,1068577
2024-07-30 10:30:00,116.455,116.48,114.98,115.54,915653
2024-07-30 11:30:00,115.6016,116.03,115.52,115.985,396194
2024-07-30 12:30:00,115.9897,116.51,115.985,116.1399,761324
2024-07-30 13:30:00,116.125,116.4499,116.0,116.37,420770
2024-07-30 14:30:00,116.3899,116.68,116.14,116.5499,519012
2024-07-30 15:30:00,116.54,117.03,116.48,116.87,1079199
2024-07-31 09:30:00,117.57,118.23,116.45,117.14,1105681
2024-07-31 10:30:00,117.165,117.5299,116.87,116.88,705938
2024-07-31 11:30:00,116.88,117.6,103.84,117.4301,508143
2024-07-31 12:30:00,117.43,117.5495,117.29,117.37,374365
2024-07-31 13:30:00,117.37,117.79,117.18,117.5092,446191
2024-07-31 14:30:00,117.5092,118.08,101.55,117.851,1127994
2024-07-31 15:30:00,117.85,118.02,117.405,117.44,1145938
2024-08-01 09:30:00,118.0,118.0,116.48,116.49,736022
2024-08-01 10:30:00,116.48,116.63,116.18,116.26,557579
2024-08-01 11:30:00,116.26,116.7064,116.05,116.49,580431
2024-08-01 12:30:00,116.49,116.5284,116.06,116.4,367000
2024-08-01 13:30:00,116.4,116.5499,116.19,116.3599,508766
2024-08-01 14:30:00,116.34,116.58,116.23,116.43,610262
2024-08-01 15:30:00,116.426,116.77,116.3224,116.73,890309
2024-08-02 09:30:00,116.25,118.3088,115.7,116.31,858912
2024-08-02 10:30:00,116.31,116.42,115.25,115.56,518951
2024-08-02 11:30:00,115.56,115.92,107.2802,115.8384,406707
2024-08-02 12:30:00,115.8395,115.92,115.29,115.4729,455782
2024-08-02 13:30:00,115.47,115.67,115.07,115.6666,428950
2024-08-02 14:30:00,115.6668,116.01,115.6,115.92,448594
2024-08-02 15:30:00,115.9466,116.56,115.82,116.43,739964
2024-08-05 09:30:00,115.11,116.44,114.35,114.67,1295875
2024-08-05 10:30:00,114.675,115.21,114.36,114.7,633831
2024-08-05 11:30:00,114.7,115.78,114.65,115.5001,391692
2024-08-05 12:30:00,115.52,115.69,114.82,115.1778,365142
2024-08-05 13:30:00,115.16,115.5788,114.9,115.52,326242
2024-08-05 14:30:00,115.51,115.5337,115.02,115.0688,458926
2024-08-05 15:30:00,115.03,115.33,114.83,115.2,862517
2024-08-06 09:30:00,115.59,116.8,115.13,116.46,622671
2024-08-06 10:30:00,116.48,116.82,115.54,115.64,471107
2024-08-06 11:30:00,115.63,116.1,115.42,115.931,342787
2024-08-06 12:30:00,115.96,116.05,115.53,116.012,322898
2024-08-06 13:30:00,116.04,116.21,115.17,115.99,362067
2024-08-06 14:30:00,115.99,116.06,114.9001,114.94,510423
2024-08-06 15:30:00,114.95,115.0523,114.115,114.35,1042665
2024-08-07 09:30:00,114.3,115.55,113.61,115.26,814226
2024-08-07 10:30:00,115.26,115.89,115.2,115.79,541054
2024-08-07 11:30:00,115.7821,115.98,115.01,115.23,509488
2024-08-07 12:30:00,115.23,115.24,114.53,114.8325,440895
2024-08-07 13:30:00,114.8399,114.97,114.16,114.2094,697737
2024-08-07 14:30:00,114.2,114.63,113.96,114.405,804294
2024-08-07 15:30:00,114.41,114.94,113.97,114.16,966105
2024-08-08 09:30:00,114.03,115.4588,113.7,115.24,883572
2024-08-08 10:30:00,115.26,115.45,114.93,115.325,453462
2024-08-08 11:30:00,115.315,115.535,114.93,115.3145,336896
2024-08-08 12:30:00,115.3202,115.72,114.85,115.715,303604
2024-08-08 13:30:00,115.72,115.8411,115.06,115.1075,317473
2024-08-08 14:30:00,115.2,115.4099,114.95,115.0954,495813
2024-08-08 15:30:00,115.1,115.31,114.82,115.14,1068919
2024-10-17 09:30:00,125.69,127.0,125.69,126.03,492200
2024-10-17 10:30:00,126.03,126.14,125.81,125.995,249359
2024-10-17 11:30:00,126.0,126.04,125.61,125.75,161770
2024-10-17 12:30:00,125.75,125.94,125.035,125.5788,176650
2024-10-17 13:30:00,125.5799,125.6252,125.1048,125.53,231505
2024-10-17 14:30:00,125.53,125.56,125.35,125.555,246265
2024-10-17 15:30:00,125.5336,125.8,125.43,125.73,414312
2024-10-18 09:30:00,126.075,126.4,125.01,125.11,1010847
2024-10-18 10:30:00,125.115,125.56,125.1,125.3678,245766
2024-10-18 11:30:00,125.355,125.92,125.31,125.905,261779
2024-10-18 12:30:00,125.89,125.91,125.5401,125.57,197477
2024-10-18 13:30:00,125.56,125.97,125.49,125.905,287393
2024-10-18 14:30:00,125.905,126.12,120.431175,125.96,339331
2024-10-18 15:30:00,125.96,126.16,125.19,125.94,529767
2024-10-21 09:30:00,125.9,126.4488,125.38,125.42,709763
2024-10-21 10:30:00,125.395,125.5609,124.7678,124.94,390505
2024-10-21 11:30:00,124.94,125.17,124.69,125.08,307511
2024-10-21 12:30:00,125.08,125.48,124.96,125.37,300569
2024-10-21 13:30:00,125.3873,125.39,124.9999,125.215,395276
2024-10-21 14:30:00,125.215,125.61,125.05,125.5195,632243
2024-10-21 15:30:00,125.51,126.06,125.44,126.0,774522
2024-10-22 09:30:00,127.99,128.7,124.65,124.82,1471293
2024-10-22 10:30:00,124.8,125.43,123.53,125.29,736394
2024-10-22 11:30:00,125.3073,125.77,124.9,125.575,471958
2024-10-22 12:30:00,125.57,125.6483,125.12,125.385,335959
2024-10-22 13:30:00,125.388,125.49,124.89,125.0973,446528
2024-10-22 14:30:00,125.0851,125.7199,124.53,125.56,577192
2024-10-22 15:30:00,125.71,125.93,125.42,125.54,836282
2024-10-23 09:30:00,126.35,127.2699,123.93801,126.28,769464
2024-10-23 10:30:00,126.372851,126.42,125.75,126.385,385756
2024-10-23 11:30:00,126.39,126.76,126.02,126.73,382509
2024-10-23 12:30:00,126.73,127.33,126.65,127.23,471742
2024-10-23 13:30:00,127.2325,127.5,126.92,126.98,613558
2024-10-23 14:30:00,126.974,127.44,126.88,127.1846,811705
2024-10-23 15:30:00,127.26,127.44,126.93,127.22,745606
2024-10-24 09:30:00,126.625,127.14,125.18,126.2552,634944
2024-10-24 10:30:00,126.28,126.58,126.03,126.32,277197
2024-10-24 11:30:00,126.32,126.3598,125.6325,126.03,229545
2024-10-24 12:30:00,126.03,126.07,125.84,125.91,225468
2024-10-24 13:30:00,125.9,125.9675,125.44,125.5,331328
2024-10-24 14:30:00,125.505,125.9,125.13,125.39,407279
2024-10-24 15:30:00,125.39,125.536,125.12,125.1702,677410
2024-10-25 09:30:00,126.06,126.26,125.22,125.526711,331732
2024-10-25 10:30:00,125.5,125.79,125.34,125.51,240577
2024-10-25 11:30:00,125.5408,125.56,125.14,125.45,230830
2024-10-25 12:30:00,125.45,125.63,125.09,125.24,200912
2024-10-25 13:30:00,125.2333,125.53,124.35,125.02,241359
2024-10-25 14:30:00,125.015,125.32,124.9746,125.304,273350
2024-10-25 15:30:00,125.31,125.36,125.06,125.16,531918
2024-10-28 09:30:00,125.22,125.48,124.61,125.355,577104
2024-10-28 10:30:00,125.3078,125.46,125.05,125.25,287019
2024-10-28 11:30:00,125.26,125.5,124.92,125.47,259593
2024-10-28 12:30:00,125.47,125.74,125.33,125.72,443684
2024-10-28 13:30:00,125.72,125.92,125.57,125.7936,308787
2024-10-28 14:30:00,125.69,125.84,125.3,125.3733,395586
2024-10-28 15:30:00,125.37,125.52,125.19,125.44,680767
2024-10-29 09:30:00,125.19,125.6,123.7,124.23,626011
2024-10-29 10:30:00,124.22,124.7,123.64,123.735,367912
2024-10-29 11:30:00,123.74,125.4695,123.48,123.73,288558
2024-10-29 12:30:00,123.72,123.87,123.4,123.63,406991
2024-10-29 13:30:00,123.63,123.82,123.42,123.52,294573
2024-10-29 14:30:00,123.52,123.65,123.13,123.1707,443369
2024-10-29 15:30:00,123.25,123.29,122.68,122.8,610903
2024-10-30 09:30:00,122.34,123.03,121.86,121.965,525337
2024-10-30 10:30:00,121.9818,122.53,121.91,122.5,354989
2024-10-30 11:30:00,122.5,122.8299,122.4288,122.5208,278079
2024-10-30 12:30:00,122.52,122.556,122.12,122.16,267815
2024-10-30 13:30:00,122.16,122.3,121.91,122.01,301324
2024-10-30 14:30:00,122.02,122.24,121.93,122.005,497221
2024-10-30 15:30:00,122.01,122.12,121.75,121.94,724893
2024-10-31 09:30:00,121.1,122.1388,120.55,121.63,641979
2024-10-31 10:30:00,121.62,121.89,121.0,121.05,268078
2024-10-31 11:30:00,121.0761,121.48,120.8714,121.45,353139
2024-10-31 12:30:00,121.42,121.54,121.34,121.38,234624
2024-10-31 13:30:00,121.37,121.57,121.12,121.33,318898
2024-10-31 14:30:00,121.32,123.2,121.2228,121.44,552600
2024-10-31 15:30:00,121.45,121.543,120.85,120.99,616811
2024-11-01 09:30:00,121.27,121.6597,120.36,120.8,627669
2024-11-01 10:30:00,120.8,120.8199,119.42,119.647,701858
2024-11-01 11:30:00,119.68,119.78,118.83,119.197,738936
2024-11-01 12:30:00,119.405,119.75,119.1963,119.45,579942
2024-11-01 13:30:00,119.465,119.49,118.83,119.1294,364582
2024-11-01 14:30:00,119.13,119.24,114.4,119.06,396153
2024-11-01 15:30:00,119.06,119.2099,118.74,118.74,768453
2024-11-04 09:30:00,119.045,119.64,118.44,118.5955,763197
2024-11-04 10:30:00,118.59,118.614,118.06,118.3596,443932
2024-11-04 11:30:00,118.38,118.48,117.83,118.2142,690222
2024-11-04 12:30:00,118.2,118.51,118.09,118.36,916754
2024-11-04 13:30:00,118.3022,118.45,118.22,118.273,469959
2024-11-04 14:30:00,118.26,125.43,118.03,118.095,955786
2024-11-04 15:30:00,118.1,118.17,117.88,117.99,1298053
2024-11-05 09:30:00,118.25,118.72,117.7,118.0488,892025
2024-11-05 10:30:00,118.05,118.53,117.99,118.26,1082405
2024-11-05 11:30:00,118.27,118.36,117.92,118.265,665055
2024-11-05 12:30:00,118.2918,118.41,118.1606,118.2752,266817
2024-11-05 13:30:00,118.27,118.48,118.09,118.16,437547
2024-11-05 14:30:00,118.16,118.65,117.9,118.49,1234046
2024-11-05 15:30:00,118.5,119.1,118.33,118.97,1583933
2025-01-23 09:30:00,125.495,126.58,116.83,124.8,632643
2025-01-23 10:30:00,124.83,126.49,124.72,126.32,467761
2025-01-23 11:30:00,126.3292,126.365,125.94,126.3,455635
2025-01-23 12:30:00,126.28,127.0,126.1406,126.44,496666
2025-01-23 13:30:00,126.4469,126.49,115.92,126.2888,376305
2025-01-23 14:30:00,126.2887,126.44,126.09,126.14,427453
2025-01-23 15:30:00,126.13,126.4499,126.03,126.29,787170
2025-01-24 09:30:00,125.52,126.2988,125.5,126.008,496763
2025-01-24 10:30:00,126.01,126.042,125.62,125.806597,323568
2025-01-24 11:30:00,125.81,126.07,115.692,125.84,251262
2025-01-24 12:30:00,125.8809,125.8947,116.4797,125.4771,197787
2025-01-24 13:30:00,125.4797,125.74,125.4797,125.5125,296089
2025-01-24 14:30:00,125.5257,125.535,125.23,125.27,429571
2025-01-24 15:30:00,125.28,125.39,125.07,125.29,651786
2025-01-27 09:30:00,126.9,127.99,125.4912,125.565,883518
2025-01-27 10:30:00,125.565,125.7147,124.65,124.7808,401423
2025-01-27 11:30:00,124.9,125.32,124.6118,125.0158,526742
2025-01-27 12:30:00,125.0164,125.47,124.89,125.085,571753
2025-01-27 13:30:00,125.085,125.8399,125.0,125.77,697726
2025-01-27 14:30:00,125.7025,125.99,124.92,124.95,705021
2025-01-27 15:30:00,124.95,125.12,124.34,125.08,1150908
2025-01-28 09:30:00,132.0,132.43,126.1216,129.65,2861764
2025-01-28 10:30:00,129.6,130.54,128.31,128.4499,911463
2025-01-28 11:30:00,128.405,128.64,124.8832,127.96,553709
2025-01-28 12:30:00,127.955,128.785,127.81,128.35,423756
2025-01-28 13:30:00,128.4463,129.23,127.86,128.155,532664
2025-01-28 14:30:00,128.155,128.6399,127.29,127.975,863212
2025-01-28 15:30:00,127.98,128.9,127.78,128.33,967452
2025-01-29 09:30:00,127.52,129.8,126.88,126.9187,1200261
2025-01-29 10:30:00,126.96,127.33,125.5501,125.651,672333
2025-01-29 11:30:00,125.68,126.53,125.63,126.4057,381834
2025-01-29 12:30:00,126.28,126.59,126.04,126.25,341862
2025-01-29 13:30:00,126.23,126.46,125.61,125.64,394803
2025-01-29 14:30:00,125.62,126.2,125.6,125.9,496356
2025-01-29 15:30:00,125.93,125.9521,125.01,125.16,892384
2025-01-30 09:30:00,125.92,127.5,125.43,127.18,558198
2025-01-30 10:30:00,127.18,128.0,126.99,127.732,364398
2025-01-30 11:30:00,127.73,127.8637,127.249,127.638,359163
2025-01-30 12:30:00,127.65,128.33,119.47,128.2765,324499
2025-01-30 13:30:00,128.275,128.57,128.16,128.363,386374
2025-01-30 14:30:00,128.365,128.8044,128.2,128.7229,436066
2025-01-30 15:30:00,128.68,129.22,119.15,128.98,856588
2025-01-31 09:30:00,129.314,129.5,127.5012,128.4234,482926
2025-01-31 10:30:00,128.41,129.46,128.3683,129.41,442583
2025-01-31 11:30:00,129.41,129.88,129.25,129.86,504729
2025-01-31 12:30:00,129.86,129.9395,129.3,129.31,294676
2025-01-31 13:30:00,129.325,129.4518,128.6601,128.8515,455993
2025-01-31 14:30:00,128.86,129.29,128.76,128.87,615414
2025-01-31 15:30:00,128.86,129.18,128.71,128.95,896489
2025-02-03 09:30:00,128.185,129.7,127.17,129.1313,778622
2025-02-03 10:30:00,129.125,130.0969,119.07202,129.6,543534
2025-02-03 11:30:00,129.57,129.85,129.1801,129.64,337332
2025-02-03 12:30:00,129.62,129.82,129.34,129.82,351443
2025-02-03 13:30:00,129.82,130.05,128.5,129.8414,462285
2025-02-03 14:30:00,129.87,130.39,129.72,130.07,615508
2025-02-03 15:30:00,130.06,130.545,129.8177,129.94,722394
2025-02-04 09:30:00,129.87,130.46,128.26,128.67,638242
2025-02-04 10:30:00,128.66,128.82,128.02,128.5023,537696
2025-02-04 11:30:00,128.44,128.75,128.18,128.22,301725
2025-02-04 12:30:00,128.22,128.65,128.11,128.4028,234253
2025-02-04 13:30:00,128.39,128.65,128.06,128.65,379689
2025-02-04 14:30:00,128.65,128.93,116.24,128.39,432037
2025-02-04 15:30:00,128.39,128.5982,128.14,128.37,612897
2025-02-05 09:30:00,129.145,129.9588,128.26,128.798,556421
2025-02-05 10:30:00,128.8,129.08,128.32,128.685,283939
2025-02-05 11:30:00,128.714,129.1399,128.525,128.82,238108
2025-02-05 12:30:00,128.84,129.3,128.81,129.21,227913
2025-02-05 13:30:00,129.19,129.4,129.02,129.03,408409
2025-02-05 14:30:00,129.03,129.39,128.85,129.095,504889
2025-02-05 15:30:00,129.1,129.5,129.05,129.18,534975
2025-02-06 09:30:00,129.4,129.838,129.02,129.28,464082
2025-02-06 10:30:00,129.1912,129.3894,128.05,128.52,363635
2025-02-06 11:30:00,128.5499,128.61,127.96,128.2195,224849
2025-02-06 12:30:00,128.2,128.6912,128.06,128.2014,232929
2025-02-06 13:30:00,128.1954,128.2658,127.75,127.81,291187
2025-02-06 14:30:00,127.81,128.11,116.24,127.975,417161
2025-02-06 15:30:00,127.971,128.85,127.84,128.76,720832
2025-02-07 09:30:00,128.585,129.04,128.15,128.48,564693
2025-02-07 10:30:00,128.46,128.4951,127.33,127.7087,456028
2025-02-07 11:30:00,127.715,128.35,127.68,128.23,292944
2025-02-07 12:30:00,128.21,128.6456,128.13,128.6,261029
2025-02-07 13:30:00,128.6,128.74,128.4,128.55,290832
2025-02-07 14:30:00,128.52,129.0,127.8601,127.9584,559301
2025-02-07 15:30:00,127.97,128.21,127.83,127.98,626190
2025-02-10 09:30:00,128.5,128.5,117.99,127.627,702112
2025-02-10 10:30:00,127.62,129.92,127.47,127.68,410120
2025-02-10 11:30:00,127.68,127.72,127.15,127.229,403197
2025-02-10 12:30:00,127.225,127.53,127.01,127.485,353437
2025-02-10 13:30:00,127.49,127.98,127.46,127.565,461995
2025-02-10 14:30:00,127.565,128.28,127.48,127.925,623885
2025-02-10 15:30:00,127.925,128.27,127.8201,128.26,594099
2025-02-11 09:30:00,129.1,129.42,127.78,128.1,664310
2025-02-11 10:30:00,128.06,129.24,127.9665,128.69,376558
2025-02-11 11:30:00,128.7,128.985,128.47,128.744978,235355
2025-02-11 12:30:00,128.7575,129.15,128.72,128.89,229540
2025-02-11 13:30:00,128.8782,129.17,117.04,128.8728,284978
2025-02-11 14:30:00,128.875,129.06,128.74,128.805,320927
2025-02-11 15:30:00,128.805,129.21,128.76,129.15,597059
2025-04-17 09:30:00,129.36,130.42,127.0066,128.656675,1354528
2025-04-17 10:30:00,128.595,129.89,128.1212,129.2547,663187
2025-04-17 11:30:00,129.245,130.09,129.06,129.99,381216
2025-04-17 12:30:00,130.03,130.39,129.7501,129.98,358938
2025-04-17 13:30:00,129.98,130.5,129.7401,129.895,496373
2025-04-17 14:30:00,129.895,130.1952,129.27,129.46,586514
2025-04-17 15:30:00,129.46,129.73,128.81,128.93,936352
2025-04-21 09:30:00,128.73,129.46,127.52,127.605,769015
2025-04-21 10:30:00,127.5702,127.6677,125.77,125.8929,821646
2025-04-21 11:30:00,125.935,126.1028,125.29,125.5778,604779
2025-04-21 12:30:00,125.57,125.77,124.92,125.097,488402
2025-04-21 13:30:00,125.11,125.2688,124.73,125.08,705136
2025-04-21 14:30:00,125.0987,129.25,124.73,124.98,622580
2025-04-21 15:30:00,124.9968,126.21,124.97,126.03,1093147
2025-04-22 09:30:00,115.215,117.19,113.96,116.18,3798591
2025-04-22 10:30:00,116.27,116.6502,114.55,114.7219,1957344
2025-04-22 11:30:00,114.74,115.74,114.48,115.312,1658300
2025-04-22 12:30:00,115.3064,132.13,112.88,112.92,1797609
2025-04-22 13:30:00,112.91,113.96,112.621,113.74,1521156
2025-04-22 14:30:00,113.73,115.3,113.685,115.17,1613650
2025-04-22 15:30:00,115.195,115.2787,113.68,113.75,3269141
2025-04-23 09:30:00,117.375,122.6,117.19,121.675,3494439
2025-04-23 10:30:00,121.67,129.25,120.53,120.71,1301514
2025-04-23 11:30:00,120.71,121.56,119.8,120.14,965172
2025-04-23 12:30:00,120.1,120.26,119.18,119.645,630744
2025-04-23 13:30:00,119.645,129.25,119.54,119.77,657856
2025-04-23 14:30:00,119.77,120.83,119.66,120.0039,851485
2025-04-23 15:30:00,119.99,120.73,119.93,120.28,1483990
2025-04-24 09:30:00,120.86,121.08,119.5,120.55,647083
2025-04-24 10:30:00,120.55,120.92,120.3845,120.89,353121
2025-04-24 11:30:00,120.9,120.98,117.32,120.8476,368715
2025-04-24 12:30:00,120.77,130.23,117.675,121.1308,328128
2025-04-24 13:30:00,121.17,121.68,120.95,121.3993,354386
2025-04-24 14:30:00,121.4,121.8288,121.35,121.68,650153
2025-04-24 15:30:00,121.68,122.06,121.39,121.91,763573
2025-04-25 09:30:00,122.62,124.19,122.38,123.05,980185
2025-04-25 10:30:00,123.009,131.32,122.76,123.665,506342
2025-04-25 11:30:00,123.665,124.75,123.6,124.64,440589
2025-04-25 12:30:00,124.69,125.07,124.52,124.9,485731
2025-04-25 13:30:00,124.9,131.72,124.13,124.49,574532
2025-04-25 14:30:00,124.505,125.12,124.4585,125.039,606510
2025-04-25 15:30:00,125.02,125.5,124.91,125.24,1289675
2025-04-28 09:30:00,125.22,126.38,124.955,125.25,605905
2025-04-28 10:30:00,125.28,125.34,124.5957,124.7087,456830
2025-04-28 11:30:00,124.74,124.8,124.2,124.425,364496
2025-04-28 12:30:00,124.427568,124.6,116.4946,123.845,372120
2025-04-28 13:30:00,123.82,124.46,123.66,124.38,364004
2025-04-28 14:30:00,124.37,124.93,124.2701,124.93,530231
2025-04-28 15:30:00,124.9,125.03,124.58,124.83,978991
2025-04-29 09:30:00,124.7,125.69,124.07,125.17,777287
2025-04-29 10:30:00,125.16,125.8,124.995,125.38,385222
2025-04-29 11:30:00,125.47,125.53,124.89,125.4764,212502
2025-04-29 12:30:00,125.445,129.3123,124.75,125.02,306665
2025-04-29 13:30:00,125.0328,127.735,124.9,124.98,389869
2025-04-29 14:30:00,124.985,125.71,124.97,125.5194,539384
2025-04-29 15:30:00,125.53,126.05,125.47,125.71,624019
2025-04-30 09:30:00,125.79,126.1,123.58,124.5525,422080
2025-04-30 10:30:00,124.565,125.71,124.47,125.6067,377271
2025-04-30 11:30:00,125.576,126.2,125.24,125.41,477493
2025-04-30 12:30:00,125.44,126.69,125.06,125.6865,1129982
2025-04-30 13:30:00,125.79,128.64,125.38,125.4619,385390
2025-04-30 14:30:00,125.49,125.7199,125.13,125.3898,422565
2025-04-30 15:30:00,125.38,126.58,125.01,126.09,843725
2025-05-01 09:30:00,126.4,127.41,125.41,127.16,709030
2025-05-01 10:30:00,127.16,127.98,126.88,126.96,544752
2025-05-01 11:30:00,126.96,127.1359,125.865,126.2622,519199
2025-05-01 12:30:00,126.2058,126.94,126.06,126.827,472008
2025-05-01 13:30:00,126.81,127.3588,126.71,127.295,376453
2025-05-01 14:30:00,127.295,127.75,127.19,127.735,360761
2025-05-01 15:30:00,127.75,128.09,126.21,127.44,761236
2025-05-02 09:30:00,129.38,131.0,128.88,130.765,734990
2025-05-02 10:30:00,130.765,130.9596,127.83,128.15,792654
2025-05-02 11:30:00,128.23,129.77,127.07,129.6482,539173
2025-05-02 12:30:00,129.6828,135.66,129.524498,129.9775,237915
2025-05-02 13:30:00,129.955,130.69,116.0,130.48,507731
2025-05-02 14:30:00,130.475,135.66,130.17,130.635,708742
2025-05-02 15:30:00,130.628,130.87,130.1901,130.22,686640
2025-05-05 09:30:00,130.33,130.33,125.79,128.645,588858
2025-05-05 10:30:00,128.63,129.45,128.53,128.875,433033
2025-05-05 11:30:00,128.86,129.34,128.7445,129.11,267867
2025-05-05 12:30:00,129.11,129.1178,128.28,128.34,271007
2025-05-05 13:30:00,128.34,129.1496,128.31,129.065,267987
2025-05-05 14:30:00,129.0646,129.14,128.64,128.8314,302842
2025-05-05 15:30:00,128.85,129.02,128.56,128.63,538857
2025-05-06 09:30:00,128.4,128.59,126.8001,127.5688,400990
2025-05-06 10:30:00,127.5126,128.23,127.38,128.015,270522
2025-05-06 11:30:00,128.015,128.15,127.28,127.51,301165
2025-05-06 12:30:00,127.475,127.8355,127.35,127.655,184012
2025-05-06 13:30:00,127.662,127.77,127.18,127.7305,159784
2025-05-06 14:30:00,127.735,128.4,114.7087,128.35,227402
2025-05-06 15:30:00,128.36,128.68,128.12,128.1511,462866
